,municipio_distrito,fecha_informe,casos_confirmados_totales,tasa_incidencia_acumulada_total,MUNICIPIO,RENTA DISPONIBLE MEDIA,NUMERO HABITANTES,Renta Categorical
0,Madrid-Retiro,2020/04/16 07:00:00,1156.0,1039.81,Madrid-Retiro,51.79,119379.0,Renta Alta
1,Madrid-Salamanca,2020/04/16 07:00:00,1232.0,783.01,Madrid-Salamanca,53.972,146148.0,Renta Alta
2,Madrid-Centro,2020/04/16 07:00:00,863.0,606.77,Madrid-Centro,31.378,134881.0,Renta Media-Alta
3,Madrid-Arganzuela,2020/04/16 07:00:00,1241.0,695.62,Madrid-Arganzuela,40.201,153830.0,Renta Alta
4,Madrid-Chamartín,2020/04/16 07:00:00,1206.0,821.05,Madrid-Chamartín,60.948,145865.0,Renta Alta
5,Madrid-Tetuán,2020/04/16 07:00:00,1679.0,1027.05,Madrid-Tetuán,34.7,157937.0,Renta Alta
6,Madrid-Chamberí,2020/04/16 07:00:00,1109.0,746.89,Madrid-Chamberí,48.989,139448.0,Renta Alta
9,Madrid-Latina,2020/04/16 07:00:00,2122.0,850.26,Madrid-Latina,30.156,238154.0,Renta Media-Alta
10,Madrid-Carabanchel,2020/04/16 07:00:00,2051.0,832.33,Madrid-Carabanchel,27.936,253040.0,Renta Media-Alta
11,Madrid-Usera,2020/04/16 07:00:00,1130.0,761.19,Madrid-Usera,25.569000000000003,139501.0,Renta Media-Media
12,Madrid-Puente de Vallecas,2020/04/16 07:00:00,2516.0,983.83,Madrid-Puente de Vallecas,24.688000000000002,234770.0,Renta Media-Media
13,Madrid-San Blas - Canillejas,2020/04/16 07:00:00,1172.0,843.92,Madrid-San Blas - Canillejas,34.494,158166.0,Renta Alta
14,Madrid-Barajas,2020/04/16 07:00:00,357.0,677.66,Madrid-Barajas,46.347,48972.0,Renta Alta
15,Madrid-Moratalaz,2020/04/16 07:00:00,1088.0,1117.32,Madrid-Moratalaz,34.753,94609.0,Renta Alta
16,Madrid-Ciudad Lineal,2020/04/16 07:00:00,1740.0,657.46,Madrid-Ciudad Lineal,36.833,216270.0,Renta Alta
17,Madrid-Hortaleza,2020/04/16 07:00:00,1439.0,681.1,Madrid-Hortaleza,47.11,188267.0,Renta Alta
18,Madrid-Villaverde,2020/04/16 07:00:00,1140.0,716.79,Madrid-Villaverde,26.599,148883.0,Renta Media-Alta
19,Madrid-Villa de Vallecas,2020/04/16 07:00:00,1055.0,989.41,Madrid-Villa de Vallecas,30.17,110436.0,Renta Media-Alta
20,Madrid-Vicálvaro,2020/04/16 07:00:00,663.0,922.27,Madrid-Vicálvaro,31.465999999999998,72126.0,Renta Media-Alta
21,Pozuelo de Alarcón,2020/04/16 07:00:00,507.0,574.18,Pozuelo de Alarcón,44.043,84360.0,Renta Alta
22,Alcorcón,2020/04/16 07:00:00,1340.0,766.41,Alcorcón,20.995,170336.0,Renta Media-Baja
23,Navalcarnero,2020/04/16 07:00:00,125.0,442.81,Navalcarnero,20.189,26364.0,Renta Media-Baja
24,San Agustín del Guadalix,2020/04/16 07:00:00,43.0,295.27,San Agustín del Guadalix,30.633000000000003,12953.0,Renta Media-Alta
28,Valdemorillo,2020/04/16 07:00:00,30.0,247.5,Valdemorillo,24.861,12058.0,Renta Media-Media
29,Velilla de San Antonio,2020/04/16 07:00:00,55.0,440.25,Velilla de San Antonio,20.5,12334.0,Renta Media-Baja
30,Villanueva de la Cañada,2020/04/16 07:00:00,79.0,323.98,Villanueva de la Cañada,32.688,18827.0,Renta Alta
31,Villanueva del Pardillo,2020/04/16 07:00:00,66.0,390.79,Villanueva del Pardillo,27.166999999999998,16730.0,Renta Media-Alta
32,Nuevo Baztán,2020/04/16 07:00:00,24.0,361.07,Nuevo Baztán,23.03,5959.0,Renta Media-Media
37,Aranjuez,2020/04/16 07:00:00,374.0,589.62,Aranjuez,20.976,57792.0,Renta Media-Baja
38,Cercedilla,2020/04/16 07:00:00,78.0,1041.81,Cercedilla,20.721999999999998,6831.0,Renta Media-Baja
40,Coslada,2020/04/16 07:00:00,700.0,791.83,Coslada,20.386,88847.0,Renta Media-Baja
41,Morata de Tajuña,2020/04/16 07:00:00,83.0,1068.62,Morata de Tajuña,17.993,7452.0,Renta Baja
44,Navas del Rey,2020/04/16 07:00:00,43.0,1460.6,Navas del Rey,17.605999999999998,2640.0,Renta Baja
45,Becerril de la Sierra,2020/04/16 07:00:00,21.0,363.83,Becerril de la Sierra,23.642,5351.0,Renta Media-Media
46,Fuenlabrada,2020/04/16 07:00:00,1260.0,617.6,Fuenlabrada,17.832,195864.0,Renta Baja
47,Pinto,2020/04/16 07:00:00,183.0,344.3,Pinto,20.927,47594.0,Renta Media-Baja
51,Galapagar,2020/04/16 07:00:00,151.0,455.23,Galapagar,25.579,32380.0,Renta Media-Media
52,Griñón,2020/04/16 07:00:00,70.0,606.27,Griñón,22.293000000000003,9928.0,Renta Media-Media
53,Aldea del Fresno,2020/04/16 07:00:00,35.0,1160.48,Aldea del Fresno,17.879,2528.0,Renta Baja
55,Talamanca de Jarama,2020/04/16 07:00:00,21.0,670.5,Talamanca de Jarama,19.675,3267.0,Renta Media-Baja
57,Ciempozuelos,2020/04/16 07:00:00,147.0,572.74,Ciempozuelos,18.608,23739.0,Renta Media-Baja
59,San Lorenzo de El Escorial,2020/04/16 07:00:00,81.0,457.24,San Lorenzo de El Escorial,24.318,18241.0,Renta Media-Media
60,San Martín de la Vega,2020/04/16 07:00:00,63.0,309.35,San Martín de la Vega,18.410999999999998,19092.0,Renta Media-Baja
61,Móstoles,2020/04/16 07:00:00,1596.0,730.28,Móstoles,19.06,205712.0,Renta Media-Baja
62,Leganés,2020/04/16 07:00:00,2529.0,1284.36,Leganés,19.548,186696.0,Renta Media-Baja
64,Algete,2020/04/16 07:00:00,88.0,396.31,Algete,27.386,20102.0,Renta Media-Alta
65,Mejorada del Campo,2020/04/16 07:00:00,156.0,636.58,Mejorada del Campo,18.533,22763.0,Renta Media-Baja
66,Loeches,2020/04/16 07:00:00,48.0,692.54,Loeches,19.984,8159.0,Renta Media-Baja
67,Parla,2020/04/16 07:00:00,608.0,444.75,Parla,17.772000000000002,125323.0,Renta Baja
73,Soto del Real,2020/04/16 07:00:00,54.0,551.25,Soto del Real,26.491999999999997,8482.0,Renta Media-Media
75,Fuente el Saz de Jarama,2020/04/16 07:00:00,21.0,245.9,Fuente el Saz de Jarama,21.414,6409.0,Renta Media-Media
77,Campo Real,2020/04/16 07:00:00,22.0,365.21,Campo Real,19.386,5775.0,Renta Media-Baja
79,Cobeña,2020/04/16 07:00:00,51.0,683.92,Cobeña,28.180999999999997,6921.0,Renta Media-Alta
82,Guadarrama,2020/04/16 07:00:00,99.0,626.66,Guadarrama,22.3,15547.0,Renta Media-Media
83,San Martín de Valdeiglesias,2020/04/16 07:00:00,59.0,691.76,San Martín de Valdeiglesias,17.371,8516.0,Renta Baja
84,Torrelodones,2020/04/16 07:00:00,114.0,439.58,Torrelodones,33.721,22838.0,Renta Alta
85,Boadilla del Monte,2020/04/16 07:00:00,223.0,422.05,Boadilla del Monte,36.065,47852.0,Renta Alta
87,Tielmes,2020/04/16 07:00:00,29.0,1287.17,Tielmes,16.039,2617.0,Renta Baja
88,San Sebastián de los Reyes,2020/04/16 07:00:00,385.0,419.66,San Sebastián de los Reyes,24.82,83329.0,Renta Media-Media
89,Guadalix de la Sierra,2020/04/16 07:00:00,28.0,469.4,Guadalix de la Sierra,21.118000000000002,6057.0,Renta Media-Baja
90,Humanes de Madrid,2020/04/16 07:00:00,88.0,427.02,Humanes de Madrid,17.593,19404.0,Renta Baja
91,Chinchón,2020/04/16 07:00:00,23.0,445.65,Chinchón,16.925,5447.0,Renta Baja
93,Hoyo de Manzanares,2020/04/16 07:00:00,21.0,274.12,Hoyo de Manzanares,27.424,7834.0,Renta Media-Alta
94,Torrejón de la Calzada,2020/04/16 07:00:00,28.0,324.79,Torrejón de la Calzada,20.897,7739.0,Renta Media-Baja
97,Meco,2020/04/16 07:00:00,117.0,836.79,Meco,21.186,13133.0,Renta Media-Baja
98,Arganda del Rey,2020/04/16 07:00:00,285.0,491.85,Arganda del Rey,19.113,55307.0,Renta Media-Baja
100,Daganzo de Arriba,2020/04/16 07:00:00,37.0,341.52,Daganzo de Arriba,23.326,9841.0,Renta Media-Media
104,Miraflores de la Sierra,2020/04/16 07:00:00,31.0,561.8,Miraflores de la Sierra,22.005,5890.0,Renta Media-Media
105,Paracuellos de Jarama,2020/04/16 07:00:00,62.0,269.46,Paracuellos de Jarama,28.272,21718.0,Renta Media-Alta
107,Collado Villalba,2020/04/16 07:00:00,307.0,443.16,Collado Villalba,21.276,62587.0,Renta Media-Media
108,Colmenarejo,2020/04/16 07:00:00,29.0,358.51,Colmenarejo,23.395,8934.0,Renta Media-Media
110,Sevilla la Nueva,2020/04/16 07:00:00,48.0,482.46,Sevilla la Nueva,21.335,8858.0,Renta Media-Media
111,Colmenar de Oreja,2020/04/16 07:00:00,22.0,305.68,Colmenar de Oreja,16.418,8409.0,Renta Baja
112,Brunete,2020/04/16 07:00:00,56.0,495.93,Brunete,23.574,10188.0,Renta Media-Media
113,Villa del Prado,2020/04/16 07:00:00,80.0,1212.67,Villa del Prado,16.761,6506.0,Renta Baja
115,Valdemoro,2020/04/16 07:00:00,571.0,747.4,Valdemoro,21.309,72265.0,Renta Media-Media
116,Tres Cantos,2020/04/16 07:00:00,270.0,561.91,Tres Cantos,30.728,42546.0,Renta Media-Alta
120,Arroyomolinos,2020/04/16 07:00:00,134.0,513.63,Arroyomolinos,22.896,25374.0,Renta Media-Media
121,Moralzarzal,2020/04/16 07:00:00,55.0,422.36,Moralzarzal,25.058000000000003,12321.0,Renta Media-Media
122,Villarejo de Salvanés,2020/04/16 07:00:00,33.0,433.01,Villarejo de Salvanés,17.114,7301.0,Renta Baja
123,Serranillos del Valle,2020/04/16 07:00:00,27.0,710.71,Serranillos del Valle,20.634,3957.0,Renta Media-Baja
124,Villaviciosa de Odón,2020/04/16 07:00:00,155.0,558.76,Villaviciosa de Odón,29.414,26911.0,Renta Media-Alta
125,Camarma de Esteruelas,2020/04/16 07:00:00,36.0,505.83,Camarma de Esteruelas,20.953000000000003,7048.0,Renta Media-Baja
128,Majadahonda,2020/04/16 07:00:00,372.0,477.11,Majadahonda,35.254,70359.0,Renta Alta
130,Alcobendas,2020/04/16 07:00:00,541.0,446.32,Alcobendas,34.037,112188.0,Renta Alta
131,Alcalá de Henares,2020/04/16 07:00:00,2087.0,998.34,Alcalá de Henares,21.379,200768.0,Renta Media-Media
132,Colmenar Viejo,2020/04/16 07:00:00,279.0,553.54,Colmenar Viejo,23.982,47445.0,Renta Media-Media
133,San Fernando de Henares,2020/04/16 07:00:00,345.0,820.9,San Fernando de Henares,19.78,40781.0,Renta Media-Baja
134,Villalbilla,2020/04/16 07:00:00,84.0,751.68,Villalbilla,24.35,11916.0,Renta Media-Media
136,Torrejón de Ardoz,2020/04/16 07:00:00,845.0,611.04,Torrejón de Ardoz,19.585,126878.0,Renta Media-Baja
138,Torres de la Alameda,2020/04/16 07:00:00,65.0,788.83,Torres de la Alameda,19.135,7939.0,Renta Media-Baja
139,Alpedrete,2020/04/16 07:00:00,81.0,561.21,Alpedrete,24.855999999999998,14005.0,Renta Media-Media
141,Getafe,2020/04/16 07:00:00,951.0,496.87,Getafe,21.031999999999996,173057.0,Renta Media-Baja
144,Madrid-Retiro,2020/04/15 07:00:00,1137.0,1022.72,Madrid-Retiro,51.79,119379.0,Renta Alta
145,Madrid-Salamanca,2020/04/15 07:00:00,1208.0,767.76,Madrid-Salamanca,53.972,146148.0,Renta Alta
146,Madrid-Centro,2020/04/15 07:00:00,847.0,595.52,Madrid-Centro,31.378,134881.0,Renta Media-Alta
147,Madrid-Arganzuela,2020/04/15 07:00:00,1219.0,683.29,Madrid-Arganzuela,40.201,153830.0,Renta Alta
148,Madrid-Chamartín,2020/04/15 07:00:00,1190.0,810.16,Madrid-Chamartín,60.948,145865.0,Renta Alta
149,Madrid-Tetuán,2020/04/15 07:00:00,1655.0,1012.37,Madrid-Tetuán,34.7,157937.0,Renta Alta
150,Madrid-Chamberí,2020/04/15 07:00:00,1080.0,727.36,Madrid-Chamberí,48.989,139448.0,Renta Alta
153,Madrid-Latina,2020/04/15 07:00:00,2007.0,804.18,Madrid-Latina,30.156,238154.0,Renta Media-Alta
154,Madrid-Carabanchel,2020/04/15 07:00:00,1929.0,782.82,Madrid-Carabanchel,27.936,253040.0,Renta Media-Alta
155,Madrid-Usera,2020/04/15 07:00:00,1110.0,747.72,Madrid-Usera,25.569000000000003,139501.0,Renta Media-Media
156,Madrid-Puente de Vallecas,2020/04/15 07:00:00,2481.0,970.14,Madrid-Puente de Vallecas,24.688000000000002,234770.0,Renta Media-Media
157,Madrid-San Blas - Canillejas,2020/04/15 07:00:00,1135.0,817.28,Madrid-San Blas - Canillejas,34.494,158166.0,Renta Alta
158,Madrid-Barajas,2020/04/15 07:00:00,349.0,662.48,Madrid-Barajas,46.347,48972.0,Renta Alta
159,Madrid-Moratalaz,2020/04/15 07:00:00,1075.0,1103.97,Madrid-Moratalaz,34.753,94609.0,Renta Alta
160,Madrid-Ciudad Lineal,2020/04/15 07:00:00,1689.0,638.19,Madrid-Ciudad Lineal,36.833,216270.0,Renta Alta
161,Madrid-Hortaleza,2020/04/15 07:00:00,1396.0,660.75,Madrid-Hortaleza,47.11,188267.0,Renta Alta
162,Madrid-Villaverde,2020/04/15 07:00:00,1117.0,702.33,Madrid-Villaverde,26.599,148883.0,Renta Media-Alta
163,Madrid-Villa de Vallecas,2020/04/15 07:00:00,1045.0,980.03,Madrid-Villa de Vallecas,30.17,110436.0,Renta Media-Alta
164,Madrid-Vicálvaro,2020/04/15 07:00:00,656.0,912.53,Madrid-Vicálvaro,31.465999999999998,72126.0,Renta Media-Alta
165,Pozuelo de Alarcón,2020/04/15 07:00:00,495.0,560.59,Pozuelo de Alarcón,44.043,84360.0,Renta Alta
166,Alcorcón,2020/04/15 07:00:00,1310.0,749.25,Alcorcón,20.995,170336.0,Renta Media-Baja
167,Navalcarnero,2020/04/15 07:00:00,121.0,428.64,Navalcarnero,20.189,26364.0,Renta Media-Baja
168,San Agustín del Guadalix,2020/04/15 07:00:00,42.0,288.4,San Agustín del Guadalix,30.633000000000003,12953.0,Renta Media-Alta
172,Valdemorillo,2020/04/15 07:00:00,30.0,247.5,Valdemorillo,24.861,12058.0,Renta Media-Media
173,Velilla de San Antonio,2020/04/15 07:00:00,55.0,440.25,Velilla de San Antonio,20.5,12334.0,Renta Media-Baja
174,Villanueva de la Cañada,2020/04/15 07:00:00,78.0,319.88,Villanueva de la Cañada,32.688,18827.0,Renta Alta
175,Villanueva del Pardillo,2020/04/15 07:00:00,65.0,384.87,Villanueva del Pardillo,27.166999999999998,16730.0,Renta Media-Alta
176,Nuevo Baztán,2020/04/15 07:00:00,24.0,361.07,Nuevo Baztán,23.03,5959.0,Renta Media-Media
181,Aranjuez,2020/04/15 07:00:00,369.0,581.73,Aranjuez,20.976,57792.0,Renta Media-Baja
182,Cercedilla,2020/04/15 07:00:00,78.0,1041.81,Cercedilla,20.721999999999998,6831.0,Renta Media-Baja
184,Coslada,2020/04/15 07:00:00,691.0,781.65,Coslada,20.386,88847.0,Renta Media-Baja
185,Morata de Tajuña,2020/04/15 07:00:00,83.0,1068.62,Morata de Tajuña,17.993,7452.0,Renta Baja
188,Navas del Rey,2020/04/15 07:00:00,43.0,1460.6,Navas del Rey,17.605999999999998,2640.0,Renta Baja
189,Becerril de la Sierra,2020/04/15 07:00:00,21.0,363.83,Becerril de la Sierra,23.642,5351.0,Renta Media-Media
190,Fuenlabrada,2020/04/15 07:00:00,1239.0,607.31,Fuenlabrada,17.832,195864.0,Renta Baja
191,Pinto,2020/04/15 07:00:00,177.0,333.01,Pinto,20.927,47594.0,Renta Media-Baja
195,Galapagar,2020/04/15 07:00:00,147.0,443.17,Galapagar,25.579,32380.0,Renta Media-Media
196,Griñón,2020/04/15 07:00:00,68.0,588.95,Griñón,22.293000000000003,9928.0,Renta Media-Media
197,Aldea del Fresno,2020/04/15 07:00:00,35.0,1160.48,Aldea del Fresno,17.879,2528.0,Renta Baja
199,Talamanca de Jarama,2020/04/15 07:00:00,21.0,670.5,Talamanca de Jarama,19.675,3267.0,Renta Media-Baja
201,Ciempozuelos,2020/04/15 07:00:00,146.0,568.85,Ciempozuelos,18.608,23739.0,Renta Media-Baja
203,San Lorenzo de El Escorial,2020/04/15 07:00:00,77.0,434.66,San Lorenzo de El Escorial,24.318,18241.0,Renta Media-Media
204,San Martín de la Vega,2020/04/15 07:00:00,63.0,309.35,San Martín de la Vega,18.410999999999998,19092.0,Renta Media-Baja
205,Móstoles,2020/04/15 07:00:00,1552.0,710.14,Móstoles,19.06,205712.0,Renta Media-Baja
206,Leganés,2020/04/15 07:00:00,2492.0,1265.57,Leganés,19.548,186696.0,Renta Media-Baja
208,Algete,2020/04/15 07:00:00,85.0,382.8,Algete,27.386,20102.0,Renta Media-Alta
209,Mejorada del Campo,2020/04/15 07:00:00,156.0,636.58,Mejorada del Campo,18.533,22763.0,Renta Media-Baja
210,Loeches,2020/04/15 07:00:00,49.0,706.97,Loeches,19.984,8159.0,Renta Media-Baja
211,Parla,2020/04/15 07:00:00,598.0,437.44,Parla,17.772000000000002,125323.0,Renta Baja
217,Soto del Real,2020/04/15 07:00:00,54.0,551.25,Soto del Real,26.491999999999997,8482.0,Renta Media-Media
219,Fuente el Saz de Jarama,2020/04/15 07:00:00,21.0,245.9,Fuente el Saz de Jarama,21.414,6409.0,Renta Media-Media
221,Campo Real,2020/04/15 07:00:00,22.0,365.21,Campo Real,19.386,5775.0,Renta Media-Baja
223,Cobeña,2020/04/15 07:00:00,51.0,683.92,Cobeña,28.180999999999997,6921.0,Renta Media-Alta
226,Guadarrama,2020/04/15 07:00:00,96.0,607.67,Guadarrama,22.3,15547.0,Renta Media-Media
227,San Martín de Valdeiglesias,2020/04/15 07:00:00,52.0,609.68,San Martín de Valdeiglesias,17.371,8516.0,Renta Baja
228,Torrelodones,2020/04/15 07:00:00,111.0,428.01,Torrelodones,33.721,22838.0,Renta Alta
229,Boadilla del Monte,2020/04/15 07:00:00,217.0,410.7,Boadilla del Monte,36.065,47852.0,Renta Alta
231,Tielmes,2020/04/15 07:00:00,29.0,1287.17,Tielmes,16.039,2617.0,Renta Baja
232,San Sebastián de los Reyes,2020/04/15 07:00:00,378.0,412.03,San Sebastián de los Reyes,24.82,83329.0,Renta Media-Media
233,Guadalix de la Sierra,2020/04/15 07:00:00,28.0,469.4,Guadalix de la Sierra,21.118000000000002,6057.0,Renta Media-Baja
234,Humanes de Madrid,2020/04/15 07:00:00,88.0,427.02,Humanes de Madrid,17.593,19404.0,Renta Baja
235,Chinchón,2020/04/15 07:00:00,23.0,445.65,Chinchón,16.925,5447.0,Renta Baja
238,Torrejón de la Calzada,2020/04/15 07:00:00,27.0,313.19,Torrejón de la Calzada,20.897,7739.0,Renta Media-Baja
241,Meco,2020/04/15 07:00:00,117.0,836.79,Meco,21.186,13133.0,Renta Media-Baja
242,Arganda del Rey,2020/04/15 07:00:00,278.0,479.77,Arganda del Rey,19.113,55307.0,Renta Media-Baja
244,Daganzo de Arriba,2020/04/15 07:00:00,36.0,332.29,Daganzo de Arriba,23.326,9841.0,Renta Media-Media
248,Miraflores de la Sierra,2020/04/15 07:00:00,31.0,561.8,Miraflores de la Sierra,22.005,5890.0,Renta Media-Media
249,Paracuellos de Jarama,2020/04/15 07:00:00,62.0,269.46,Paracuellos de Jarama,28.272,21718.0,Renta Media-Alta
251,Collado Villalba,2020/04/15 07:00:00,301.0,434.5,Collado Villalba,21.276,62587.0,Renta Media-Media
252,Colmenarejo,2020/04/15 07:00:00,27.0,333.79,Colmenarejo,23.395,8934.0,Renta Media-Media
254,Sevilla la Nueva,2020/04/15 07:00:00,43.0,432.2,Sevilla la Nueva,21.335,8858.0,Renta Media-Media
255,Colmenar de Oreja,2020/04/15 07:00:00,21.0,291.79,Colmenar de Oreja,16.418,8409.0,Renta Baja
256,Brunete,2020/04/15 07:00:00,56.0,495.93,Brunete,23.574,10188.0,Renta Media-Media
257,Villa del Prado,2020/04/15 07:00:00,76.0,1152.04,Villa del Prado,16.761,6506.0,Renta Baja
259,Valdemoro,2020/04/15 07:00:00,568.0,743.47,Valdemoro,21.309,72265.0,Renta Media-Media
260,Tres Cantos,2020/04/15 07:00:00,266.0,553.59,Tres Cantos,30.728,42546.0,Renta Media-Alta
264,Arroyomolinos,2020/04/15 07:00:00,133.0,509.79,Arroyomolinos,22.896,25374.0,Renta Media-Media
265,Moralzarzal,2020/04/15 07:00:00,54.0,414.68,Moralzarzal,25.058000000000003,12321.0,Renta Media-Media
266,Villarejo de Salvanés,2020/04/15 07:00:00,33.0,433.01,Villarejo de Salvanés,17.114,7301.0,Renta Baja
267,Serranillos del Valle,2020/04/15 07:00:00,26.0,684.39,Serranillos del Valle,20.634,3957.0,Renta Media-Baja
268,Villaviciosa de Odón,2020/04/15 07:00:00,151.0,544.34,Villaviciosa de Odón,29.414,26911.0,Renta Media-Alta
269,Camarma de Esteruelas,2020/04/15 07:00:00,35.0,491.78,Camarma de Esteruelas,20.953000000000003,7048.0,Renta Media-Baja
272,Majadahonda,2020/04/15 07:00:00,367.0,470.7,Majadahonda,35.254,70359.0,Renta Alta
274,Alcobendas,2020/04/15 07:00:00,523.0,431.47,Alcobendas,34.037,112188.0,Renta Alta
275,Alcalá de Henares,2020/04/15 07:00:00,2077.0,993.56,Alcalá de Henares,21.379,200768.0,Renta Media-Media
276,Colmenar Viejo,2020/04/15 07:00:00,269.0,533.7,Colmenar Viejo,23.982,47445.0,Renta Media-Media
277,San Fernando de Henares,2020/04/15 07:00:00,329.0,782.83,San Fernando de Henares,19.78,40781.0,Renta Media-Baja
278,Villalbilla,2020/04/15 07:00:00,83.0,742.73,Villalbilla,24.35,11916.0,Renta Media-Media
280,Torrejón de Ardoz,2020/04/15 07:00:00,843.0,609.59,Torrejón de Ardoz,19.585,126878.0,Renta Media-Baja
282,Torres de la Alameda,2020/04/15 07:00:00,63.0,764.56,Torres de la Alameda,19.135,7939.0,Renta Media-Baja
283,Alpedrete,2020/04/15 07:00:00,76.0,526.57,Alpedrete,24.855999999999998,14005.0,Renta Media-Media
285,Getafe,2020/04/15 07:00:00,921.0,481.2,Getafe,21.031999999999996,173057.0,Renta Media-Baja
288,Madrid-Retiro,2020/04/14 07:00:00,1124.0,1011.03,Madrid-Retiro,51.79,119379.0,Renta Alta
289,Madrid-Salamanca,2020/04/14 07:00:00,1186.0,753.78,Madrid-Salamanca,53.972,146148.0,Renta Alta
290,Madrid-Centro,2020/04/14 07:00:00,814.0,572.32,Madrid-Centro,31.378,134881.0,Renta Media-Alta
291,Madrid-Arganzuela,2020/04/14 07:00:00,1178.0,660.31,Madrid-Arganzuela,40.201,153830.0,Renta Alta
292,Madrid-Chamartín,2020/04/14 07:00:00,1154.0,785.65,Madrid-Chamartín,60.948,145865.0,Renta Alta
293,Madrid-Tetuán,2020/04/14 07:00:00,1617.0,989.12,Madrid-Tetuán,34.7,157937.0,Renta Alta
294,Madrid-Chamberí,2020/04/14 07:00:00,1040.0,700.42,Madrid-Chamberí,48.989,139448.0,Renta Alta
297,Madrid-Latina,2020/04/14 07:00:00,1940.0,777.33,Madrid-Latina,30.156,238154.0,Renta Media-Alta
298,Madrid-Carabanchel,2020/04/14 07:00:00,1869.0,758.47,Madrid-Carabanchel,27.936,253040.0,Renta Media-Alta
299,Madrid-Usera,2020/04/14 07:00:00,1094.0,736.94,Madrid-Usera,25.569000000000003,139501.0,Renta Media-Media
300,Madrid-Puente de Vallecas,2020/04/14 07:00:00,2410.0,942.38,Madrid-Puente de Vallecas,24.688000000000002,234770.0,Renta Media-Media
301,Madrid-San Blas - Canillejas,2020/04/14 07:00:00,1104.0,794.96,Madrid-San Blas - Canillejas,34.494,158166.0,Renta Alta
302,Madrid-Barajas,2020/04/14 07:00:00,339.0,643.5,Madrid-Barajas,46.347,48972.0,Renta Alta
303,Madrid-Moratalaz,2020/04/14 07:00:00,1053.0,1081.38,Madrid-Moratalaz,34.753,94609.0,Renta Alta
304,Madrid-Ciudad Lineal,2020/04/14 07:00:00,1656.0,625.72,Madrid-Ciudad Lineal,36.833,216270.0,Renta Alta
305,Madrid-Hortaleza,2020/04/14 07:00:00,1367.0,647.02,Madrid-Hortaleza,47.11,188267.0,Renta Alta
306,Madrid-Villaverde,2020/04/14 07:00:00,1093.0,687.24,Madrid-Villaverde,26.599,148883.0,Renta Media-Alta
307,Madrid-Villa de Vallecas,2020/04/14 07:00:00,1018.0,954.71,Madrid-Villa de Vallecas,30.17,110436.0,Renta Media-Alta
308,Madrid-Vicálvaro,2020/04/14 07:00:00,644.0,895.84,Madrid-Vicálvaro,31.465999999999998,72126.0,Renta Media-Alta
309,Pozuelo de Alarcón,2020/04/14 07:00:00,468.0,530.01,Pozuelo de Alarcón,44.043,84360.0,Renta Alta
310,Alcorcón,2020/04/14 07:00:00,1280.0,732.09,Alcorcón,20.995,170336.0,Renta Media-Baja
311,Navalcarnero,2020/04/14 07:00:00,118.0,418.01,Navalcarnero,20.189,26364.0,Renta Media-Baja
312,San Agustín del Guadalix,2020/04/14 07:00:00,42.0,288.4,San Agustín del Guadalix,30.633000000000003,12953.0,Renta Media-Alta
316,Valdemorillo,2020/04/14 07:00:00,27.0,222.75,Valdemorillo,24.861,12058.0,Renta Media-Media
317,Velilla de San Antonio,2020/04/14 07:00:00,53.0,424.24,Velilla de San Antonio,20.5,12334.0,Renta Media-Baja
318,Villanueva de la Cañada,2020/04/14 07:00:00,76.0,311.68,Villanueva de la Cañada,32.688,18827.0,Renta Alta
319,Villanueva del Pardillo,2020/04/14 07:00:00,62.0,367.1,Villanueva del Pardillo,27.166999999999998,16730.0,Renta Media-Alta
320,Nuevo Baztán,2020/04/14 07:00:00,24.0,361.07,Nuevo Baztán,23.03,5959.0,Renta Media-Media
325,Aranjuez,2020/04/14 07:00:00,363.0,572.28,Aranjuez,20.976,57792.0,Renta Media-Baja
326,Cercedilla,2020/04/14 07:00:00,75.0,1001.74,Cercedilla,20.721999999999998,6831.0,Renta Media-Baja
328,Coslada,2020/04/14 07:00:00,650.0,735.27,Coslada,20.386,88847.0,Renta Media-Baja
329,Morata de Tajuña,2020/04/14 07:00:00,83.0,1068.62,Morata de Tajuña,17.993,7452.0,Renta Baja
332,Navas del Rey,2020/04/14 07:00:00,42.0,1426.63,Navas del Rey,17.605999999999998,2640.0,Renta Baja
334,Fuenlabrada,2020/04/14 07:00:00,1220.0,598.0,Fuenlabrada,17.832,195864.0,Renta Baja
335,Pinto,2020/04/14 07:00:00,174.0,327.36,Pinto,20.927,47594.0,Renta Media-Baja
339,Galapagar,2020/04/14 07:00:00,136.0,410.01,Galapagar,25.579,32380.0,Renta Media-Media
340,Griñón,2020/04/14 07:00:00,67.0,580.29,Griñón,22.293000000000003,9928.0,Renta Media-Media
341,Aldea del Fresno,2020/04/14 07:00:00,31.0,1027.85,Aldea del Fresno,17.879,2528.0,Renta Baja
343,Talamanca de Jarama,2020/04/14 07:00:00,21.0,670.5,Talamanca de Jarama,19.675,3267.0,Renta Media-Baja
345,Ciempozuelos,2020/04/14 07:00:00,142.0,553.26,Ciempozuelos,18.608,23739.0,Renta Media-Baja
347,San Lorenzo de El Escorial,2020/04/14 07:00:00,67.0,378.21,San Lorenzo de El Escorial,24.318,18241.0,Renta Media-Media
348,San Martín de la Vega,2020/04/14 07:00:00,63.0,309.35,San Martín de la Vega,18.410999999999998,19092.0,Renta Media-Baja
349,Móstoles,2020/04/14 07:00:00,1507.0,689.55,Móstoles,19.06,205712.0,Renta Media-Baja
350,Leganés,2020/04/14 07:00:00,2450.0,1244.24,Leganés,19.548,186696.0,Renta Media-Baja
352,Algete,2020/04/14 07:00:00,84.0,378.29,Algete,27.386,20102.0,Renta Media-Alta
353,Mejorada del Campo,2020/04/14 07:00:00,152.0,620.26,Mejorada del Campo,18.533,22763.0,Renta Media-Baja
354,Loeches,2020/04/14 07:00:00,48.0,692.54,Loeches,19.984,8159.0,Renta Media-Baja
355,Parla,2020/04/14 07:00:00,594.0,434.51,Parla,17.772000000000002,125323.0,Renta Baja
361,Soto del Real,2020/04/14 07:00:00,49.0,500.2,Soto del Real,26.491999999999997,8482.0,Renta Media-Media
365,Campo Real,2020/04/14 07:00:00,21.0,348.61,Campo Real,19.386,5775.0,Renta Media-Baja
367,Cobeña,2020/04/14 07:00:00,36.0,482.77,Cobeña,28.180999999999997,6921.0,Renta Media-Alta
370,Guadarrama,2020/04/14 07:00:00,90.0,569.69,Guadarrama,22.3,15547.0,Renta Media-Media
371,San Martín de Valdeiglesias,2020/04/14 07:00:00,51.0,597.96,San Martín de Valdeiglesias,17.371,8516.0,Renta Baja
372,Torrelodones,2020/04/14 07:00:00,106.0,408.73,Torrelodones,33.721,22838.0,Renta Alta
373,Boadilla del Monte,2020/04/14 07:00:00,208.0,393.66,Boadilla del Monte,36.065,47852.0,Renta Alta
375,Tielmes,2020/04/14 07:00:00,29.0,1287.17,Tielmes,16.039,2617.0,Renta Baja
376,San Sebastián de los Reyes,2020/04/14 07:00:00,362.0,394.59,San Sebastián de los Reyes,24.82,83329.0,Renta Media-Media
377,Guadalix de la Sierra,2020/04/14 07:00:00,28.0,469.4,Guadalix de la Sierra,21.118000000000002,6057.0,Renta Media-Baja
378,Humanes de Madrid,2020/04/14 07:00:00,86.0,417.31,Humanes de Madrid,17.593,19404.0,Renta Baja
379,Chinchón,2020/04/14 07:00:00,23.0,445.65,Chinchón,16.925,5447.0,Renta Baja
382,Torrejón de la Calzada,2020/04/14 07:00:00,21.0,243.59,Torrejón de la Calzada,20.897,7739.0,Renta Media-Baja
385,Meco,2020/04/14 07:00:00,116.0,829.64,Meco,21.186,13133.0,Renta Media-Baja
386,Arganda del Rey,2020/04/14 07:00:00,275.0,474.6,Arganda del Rey,19.113,55307.0,Renta Media-Baja
388,Daganzo de Arriba,2020/04/14 07:00:00,35.0,323.06,Daganzo de Arriba,23.326,9841.0,Renta Media-Media
392,Miraflores de la Sierra,2020/04/14 07:00:00,30.0,543.68,Miraflores de la Sierra,22.005,5890.0,Renta Media-Media
393,Paracuellos de Jarama,2020/04/14 07:00:00,61.0,265.11,Paracuellos de Jarama,28.272,21718.0,Renta Media-Alta
395,Collado Villalba,2020/04/14 07:00:00,274.0,395.53,Collado Villalba,21.276,62587.0,Renta Media-Media
396,Colmenarejo,2020/04/14 07:00:00,26.0,321.42,Colmenarejo,23.395,8934.0,Renta Media-Media
398,Sevilla la Nueva,2020/04/14 07:00:00,43.0,432.2,Sevilla la Nueva,21.335,8858.0,Renta Media-Media
399,Colmenar de Oreja,2020/04/14 07:00:00,21.0,291.79,Colmenar de Oreja,16.418,8409.0,Renta Baja
400,Brunete,2020/04/14 07:00:00,51.0,451.65,Brunete,23.574,10188.0,Renta Media-Media
401,Villa del Prado,2020/04/14 07:00:00,54.0,818.55,Villa del Prado,16.761,6506.0,Renta Baja
403,Valdemoro,2020/04/14 07:00:00,564.0,738.24,Valdemoro,21.309,72265.0,Renta Media-Media
404,Tres Cantos,2020/04/14 07:00:00,262.0,545.27,Tres Cantos,30.728,42546.0,Renta Media-Alta
408,Arroyomolinos,2020/04/14 07:00:00,130.0,498.29,Arroyomolinos,22.896,25374.0,Renta Media-Media
409,Moralzarzal,2020/04/14 07:00:00,52.0,399.32,Moralzarzal,25.058000000000003,12321.0,Renta Media-Media
410,Villarejo de Salvanés,2020/04/14 07:00:00,33.0,433.01,Villarejo de Salvanés,17.114,7301.0,Renta Baja
411,Serranillos del Valle,2020/04/14 07:00:00,25.0,658.07,Serranillos del Valle,20.634,3957.0,Renta Media-Baja
412,Villaviciosa de Odón,2020/04/14 07:00:00,148.0,533.53,Villaviciosa de Odón,29.414,26911.0,Renta Media-Alta
413,Camarma de Esteruelas,2020/04/14 07:00:00,35.0,491.78,Camarma de Esteruelas,20.953000000000003,7048.0,Renta Media-Baja
416,Majadahonda,2020/04/14 07:00:00,351.0,450.18,Majadahonda,35.254,70359.0,Renta Alta
418,Alcobendas,2020/04/14 07:00:00,509.0,419.92,Alcobendas,34.037,112188.0,Renta Alta
419,Alcalá de Henares,2020/04/14 07:00:00,2049.0,980.17,Alcalá de Henares,21.379,200768.0,Renta Media-Media
420,Colmenar Viejo,2020/04/14 07:00:00,264.0,523.78,Colmenar Viejo,23.982,47445.0,Renta Media-Media
421,San Fernando de Henares,2020/04/14 07:00:00,308.0,732.86,San Fernando de Henares,19.78,40781.0,Renta Media-Baja
422,Villalbilla,2020/04/14 07:00:00,81.0,724.83,Villalbilla,24.35,11916.0,Renta Media-Media
424,Torrejón de Ardoz,2020/04/14 07:00:00,823.0,595.13,Torrejón de Ardoz,19.585,126878.0,Renta Media-Baja
426,Torres de la Alameda,2020/04/14 07:00:00,60.0,728.16,Torres de la Alameda,19.135,7939.0,Renta Media-Baja
427,Alpedrete,2020/04/14 07:00:00,73.0,505.79,Alpedrete,24.855999999999998,14005.0,Renta Media-Media
429,Getafe,2020/04/14 07:00:00,895.0,467.61,Getafe,21.031999999999996,173057.0,Renta Media-Baja
432,Madrid-Retiro,2020/04/13 07:00:00,1098.0,987.64,Madrid-Retiro,51.79,119379.0,Renta Alta
433,Madrid-Salamanca,2020/04/13 07:00:00,1143.0,726.45,Madrid-Salamanca,53.972,146148.0,Renta Alta
434,Madrid-Centro,2020/04/13 07:00:00,792.0,556.85,Madrid-Centro,31.378,134881.0,Renta Media-Alta
435,Madrid-Arganzuela,2020/04/13 07:00:00,1146.0,642.37,Madrid-Arganzuela,40.201,153830.0,Renta Alta
436,Madrid-Chamartín,2020/04/13 07:00:00,1125.0,765.91,Madrid-Chamartín,60.948,145865.0,Renta Alta
437,Madrid-Tetuán,2020/04/13 07:00:00,1574.0,962.82,Madrid-Tetuán,34.7,157937.0,Renta Alta
438,Madrid-Chamberí,2020/04/13 07:00:00,1016.0,684.26,Madrid-Chamberí,48.989,139448.0,Renta Alta
441,Madrid-Latina,2020/04/13 07:00:00,1902.0,762.11,Madrid-Latina,30.156,238154.0,Renta Media-Alta
442,Madrid-Carabanchel,2020/04/13 07:00:00,1832.0,743.45,Madrid-Carabanchel,27.936,253040.0,Renta Media-Alta
443,Madrid-Usera,2020/04/13 07:00:00,1071.0,721.45,Madrid-Usera,25.569000000000003,139501.0,Renta Media-Media
444,Madrid-Puente de Vallecas,2020/04/13 07:00:00,2358.0,922.05,Madrid-Puente de Vallecas,24.688000000000002,234770.0,Renta Media-Media
445,Madrid-San Blas - Canillejas,2020/04/13 07:00:00,1077.0,775.52,Madrid-San Blas - Canillejas,34.494,158166.0,Renta Alta
446,Madrid-Barajas,2020/04/13 07:00:00,333.0,632.11,Madrid-Barajas,46.347,48972.0,Renta Alta
447,Madrid-Moratalaz,2020/04/13 07:00:00,1035.0,1062.89,Madrid-Moratalaz,34.753,94609.0,Renta Alta
448,Madrid-Ciudad Lineal,2020/04/13 07:00:00,1612.0,609.09,Madrid-Ciudad Lineal,36.833,216270.0,Renta Alta
449,Madrid-Hortaleza,2020/04/13 07:00:00,1329.0,629.04,Madrid-Hortaleza,47.11,188267.0,Renta Alta
450,Madrid-Villaverde,2020/04/13 07:00:00,1077.0,677.18,Madrid-Villaverde,26.599,148883.0,Renta Media-Alta
451,Madrid-Villa de Vallecas,2020/04/13 07:00:00,995.0,933.14,Madrid-Villa de Vallecas,30.17,110436.0,Renta Media-Alta
452,Madrid-Vicálvaro,2020/04/13 07:00:00,635.0,883.32,Madrid-Vicálvaro,31.465999999999998,72126.0,Renta Media-Alta
453,Pozuelo de Alarcón,2020/04/13 07:00:00,444.0,502.83,Pozuelo de Alarcón,44.043,84360.0,Renta Alta
454,Alcorcón,2020/04/13 07:00:00,1245.0,712.08,Alcorcón,20.995,170336.0,Renta Media-Baja
455,Navalcarnero,2020/04/13 07:00:00,117.0,414.47,Navalcarnero,20.189,26364.0,Renta Media-Baja
456,San Agustín del Guadalix,2020/04/13 07:00:00,42.0,288.4,San Agustín del Guadalix,30.633000000000003,12953.0,Renta Media-Alta
460,Valdemorillo,2020/04/13 07:00:00,26.0,214.5,Valdemorillo,24.861,12058.0,Renta Media-Media
461,Velilla de San Antonio,2020/04/13 07:00:00,52.0,416.23,Velilla de San Antonio,20.5,12334.0,Renta Media-Baja
462,Villanueva de la Cañada,2020/04/13 07:00:00,68.0,278.87,Villanueva de la Cañada,32.688,18827.0,Renta Alta
463,Villanueva del Pardillo,2020/04/13 07:00:00,59.0,349.34,Villanueva del Pardillo,27.166999999999998,16730.0,Renta Media-Alta
464,Nuevo Baztán,2020/04/13 07:00:00,24.0,361.07,Nuevo Baztán,23.03,5959.0,Renta Media-Media
469,Aranjuez,2020/04/13 07:00:00,359.0,565.97,Aranjuez,20.976,57792.0,Renta Media-Baja
470,Cercedilla,2020/04/13 07:00:00,69.0,921.6,Cercedilla,20.721999999999998,6831.0,Renta Media-Baja
472,Coslada,2020/04/13 07:00:00,622.0,703.6,Coslada,20.386,88847.0,Renta Media-Baja
473,Morata de Tajuña,2020/04/13 07:00:00,81.0,1042.87,Morata de Tajuña,17.993,7452.0,Renta Baja
476,Navas del Rey,2020/04/13 07:00:00,42.0,1426.63,Navas del Rey,17.605999999999998,2640.0,Renta Baja
478,Fuenlabrada,2020/04/13 07:00:00,1200.0,588.19,Fuenlabrada,17.832,195864.0,Renta Baja
479,Pinto,2020/04/13 07:00:00,174.0,327.36,Pinto,20.927,47594.0,Renta Media-Baja
483,Galapagar,2020/04/13 07:00:00,129.0,388.91,Galapagar,25.579,32380.0,Renta Media-Media
484,Griñón,2020/04/13 07:00:00,59.0,511.0,Griñón,22.293000000000003,9928.0,Renta Media-Media
485,Aldea del Fresno,2020/04/13 07:00:00,30.0,994.69,Aldea del Fresno,17.879,2528.0,Renta Baja
489,Ciempozuelos,2020/04/13 07:00:00,139.0,541.57,Ciempozuelos,18.608,23739.0,Renta Media-Baja
491,San Lorenzo de El Escorial,2020/04/13 07:00:00,63.0,355.63,San Lorenzo de El Escorial,24.318,18241.0,Renta Media-Media
492,San Martín de la Vega,2020/04/13 07:00:00,61.0,299.53,San Martín de la Vega,18.410999999999998,19092.0,Renta Media-Baja
493,Móstoles,2020/04/13 07:00:00,1446.0,661.64,Móstoles,19.06,205712.0,Renta Media-Baja
494,Leganés,2020/04/13 07:00:00,2417.0,1227.48,Leganés,19.548,186696.0,Renta Media-Baja
496,Algete,2020/04/13 07:00:00,81.0,364.78,Algete,27.386,20102.0,Renta Media-Alta
497,Mejorada del Campo,2020/04/13 07:00:00,149.0,608.01,Mejorada del Campo,18.533,22763.0,Renta Media-Baja
498,Loeches,2020/04/13 07:00:00,47.0,678.11,Loeches,19.984,8159.0,Renta Media-Baja
499,Parla,2020/04/13 07:00:00,587.0,429.39,Parla,17.772000000000002,125323.0,Renta Baja
505,Soto del Real,2020/04/13 07:00:00,49.0,500.2,Soto del Real,26.491999999999997,8482.0,Renta Media-Media
509,Campo Real,2020/04/13 07:00:00,21.0,348.61,Campo Real,19.386,5775.0,Renta Media-Baja
511,Cobeña,2020/04/13 07:00:00,29.0,388.9,Cobeña,28.180999999999997,6921.0,Renta Media-Alta
514,Guadarrama,2020/04/13 07:00:00,85.0,538.04,Guadarrama,22.3,15547.0,Renta Media-Media
515,San Martín de Valdeiglesias,2020/04/13 07:00:00,51.0,597.96,San Martín de Valdeiglesias,17.371,8516.0,Renta Baja
516,Torrelodones,2020/04/13 07:00:00,103.0,397.16,Torrelodones,33.721,22838.0,Renta Alta
517,Boadilla del Monte,2020/04/13 07:00:00,200.0,378.52,Boadilla del Monte,36.065,47852.0,Renta Alta
519,Tielmes,2020/04/13 07:00:00,28.0,1242.79,Tielmes,16.039,2617.0,Renta Baja
520,San Sebastián de los Reyes,2020/04/13 07:00:00,357.0,389.14,San Sebastián de los Reyes,24.82,83329.0,Renta Media-Media
521,Guadalix de la Sierra,2020/04/13 07:00:00,27.0,452.64,Guadalix de la Sierra,21.118000000000002,6057.0,Renta Media-Baja
522,Humanes de Madrid,2020/04/13 07:00:00,85.0,412.46,Humanes de Madrid,17.593,19404.0,Renta Baja
523,Chinchón,2020/04/13 07:00:00,23.0,445.65,Chinchón,16.925,5447.0,Renta Baja
525,Torrejón de la Calzada,2020/04/13 07:00:00,21.0,243.59,Torrejón de la Calzada,20.897,7739.0,Renta Media-Baja
527,Meco,2020/04/13 07:00:00,114.0,815.33,Meco,21.186,13133.0,Renta Media-Baja
528,Arganda del Rey,2020/04/13 07:00:00,272.0,469.42,Arganda del Rey,19.113,55307.0,Renta Media-Baja
530,Daganzo de Arriba,2020/04/13 07:00:00,36.0,332.29,Daganzo de Arriba,23.326,9841.0,Renta Media-Media
534,Miraflores de la Sierra,2020/04/13 07:00:00,29.0,525.55,Miraflores de la Sierra,22.005,5890.0,Renta Media-Media
535,Paracuellos de Jarama,2020/04/13 07:00:00,61.0,265.11,Paracuellos de Jarama,28.272,21718.0,Renta Media-Alta
537,Collado Villalba,2020/04/13 07:00:00,260.0,375.32,Collado Villalba,21.276,62587.0,Renta Media-Media
538,Colmenarejo,2020/04/13 07:00:00,23.0,284.34,Colmenarejo,23.395,8934.0,Renta Media-Media
540,Sevilla la Nueva,2020/04/13 07:00:00,34.0,341.74,Sevilla la Nueva,21.335,8858.0,Renta Media-Media
541,Colmenar de Oreja,2020/04/13 07:00:00,21.0,291.79,Colmenar de Oreja,16.418,8409.0,Renta Baja
542,Brunete,2020/04/13 07:00:00,50.0,442.79,Brunete,23.574,10188.0,Renta Media-Media
543,Villa del Prado,2020/04/13 07:00:00,53.0,803.4,Villa del Prado,16.761,6506.0,Renta Baja
545,Valdemoro,2020/04/13 07:00:00,558.0,730.39,Valdemoro,21.309,72265.0,Renta Media-Media
546,Tres Cantos,2020/04/13 07:00:00,254.0,528.62,Tres Cantos,30.728,42546.0,Renta Media-Alta
550,Arroyomolinos,2020/04/13 07:00:00,126.0,482.96,Arroyomolinos,22.896,25374.0,Renta Media-Media
551,Moralzarzal,2020/04/13 07:00:00,52.0,399.32,Moralzarzal,25.058000000000003,12321.0,Renta Media-Media
552,Villarejo de Salvanés,2020/04/13 07:00:00,33.0,433.01,Villarejo de Salvanés,17.114,7301.0,Renta Baja
553,Serranillos del Valle,2020/04/13 07:00:00,25.0,658.07,Serranillos del Valle,20.634,3957.0,Renta Media-Baja
554,Villaviciosa de Odón,2020/04/13 07:00:00,148.0,533.53,Villaviciosa de Odón,29.414,26911.0,Renta Media-Alta
555,Camarma de Esteruelas,2020/04/13 07:00:00,35.0,491.78,Camarma de Esteruelas,20.953000000000003,7048.0,Renta Media-Baja
558,Majadahonda,2020/04/13 07:00:00,337.0,432.22,Majadahonda,35.254,70359.0,Renta Alta
560,Alcobendas,2020/04/13 07:00:00,494.0,407.54,Alcobendas,34.037,112188.0,Renta Alta
561,Alcalá de Henares,2020/04/13 07:00:00,2026.0,969.16,Alcalá de Henares,21.379,200768.0,Renta Media-Media
562,Colmenar Viejo,2020/04/13 07:00:00,251.0,497.99,Colmenar Viejo,23.982,47445.0,Renta Media-Media
563,San Fernando de Henares,2020/04/13 07:00:00,301.0,716.21,San Fernando de Henares,19.78,40781.0,Renta Media-Baja
564,Villalbilla,2020/04/13 07:00:00,81.0,724.83,Villalbilla,24.35,11916.0,Renta Media-Media
566,Torrejón de Ardoz,2020/04/13 07:00:00,808.0,584.28,Torrejón de Ardoz,19.585,126878.0,Renta Media-Baja
568,Torres de la Alameda,2020/04/13 07:00:00,57.0,691.75,Torres de la Alameda,19.135,7939.0,Renta Media-Baja
569,Alpedrete,2020/04/13 07:00:00,72.0,498.86,Alpedrete,24.855999999999998,14005.0,Renta Media-Media
571,Getafe,2020/04/13 07:00:00,873.0,456.12,Getafe,21.031999999999996,173057.0,Renta Media-Baja
574,Madrid-Retiro,2020/04/12 07:00:00,1090.0,980.45,Madrid-Retiro,51.79,119379.0,Renta Alta
575,Madrid-Salamanca,2020/04/12 07:00:00,1137.0,722.63,Madrid-Salamanca,53.972,146148.0,Renta Alta
576,Madrid-Centro,2020/04/12 07:00:00,784.0,551.22,Madrid-Centro,31.378,134881.0,Renta Media-Alta
577,Madrid-Arganzuela,2020/04/12 07:00:00,1138.0,637.89,Madrid-Arganzuela,40.201,153830.0,Renta Alta
578,Madrid-Chamartín,2020/04/12 07:00:00,1118.0,761.14,Madrid-Chamartín,60.948,145865.0,Renta Alta
579,Madrid-Tetuán,2020/04/12 07:00:00,1553.0,949.97,Madrid-Tetuán,34.7,157937.0,Renta Alta
580,Madrid-Chamberí,2020/04/12 07:00:00,1005.0,676.85,Madrid-Chamberí,48.989,139448.0,Renta Alta
583,Madrid-Latina,2020/04/12 07:00:00,1880.0,753.29,Madrid-Latina,30.156,238154.0,Renta Media-Alta
584,Madrid-Carabanchel,2020/04/12 07:00:00,1809.0,734.12,Madrid-Carabanchel,27.936,253040.0,Renta Media-Alta
585,Madrid-Usera,2020/04/12 07:00:00,1064.0,716.73,Madrid-Usera,25.569000000000003,139501.0,Renta Media-Media
586,Madrid-Puente de Vallecas,2020/04/12 07:00:00,2334.0,912.66,Madrid-Puente de Vallecas,24.688000000000002,234770.0,Renta Media-Media
587,Madrid-San Blas - Canillejas,2020/04/12 07:00:00,1067.0,768.32,Madrid-San Blas - Canillejas,34.494,158166.0,Renta Alta
588,Madrid-Barajas,2020/04/12 07:00:00,332.0,630.21,Madrid-Barajas,46.347,48972.0,Renta Alta
589,Madrid-Moratalaz,2020/04/12 07:00:00,1020.0,1047.49,Madrid-Moratalaz,34.753,94609.0,Renta Alta
590,Madrid-Ciudad Lineal,2020/04/12 07:00:00,1596.0,603.05,Madrid-Ciudad Lineal,36.833,216270.0,Renta Alta
591,Madrid-Hortaleza,2020/04/12 07:00:00,1310.0,620.04,Madrid-Hortaleza,47.11,188267.0,Renta Alta
592,Madrid-Villaverde,2020/04/12 07:00:00,1069.0,672.15,Madrid-Villaverde,26.599,148883.0,Renta Media-Alta
593,Madrid-Villa de Vallecas,2020/04/12 07:00:00,989.0,927.52,Madrid-Villa de Vallecas,30.17,110436.0,Renta Media-Alta
594,Madrid-Vicálvaro,2020/04/12 07:00:00,626.0,870.8,Madrid-Vicálvaro,31.465999999999998,72126.0,Renta Media-Alta
595,Pozuelo de Alarcón,2020/04/12 07:00:00,442.0,500.57,Pozuelo de Alarcón,44.043,84360.0,Renta Alta
596,Alcorcón,2020/04/12 07:00:00,1232.0,704.64,Alcorcón,20.995,170336.0,Renta Media-Baja
597,Navalcarnero,2020/04/12 07:00:00,117.0,414.47,Navalcarnero,20.189,26364.0,Renta Media-Baja
598,San Agustín del Guadalix,2020/04/12 07:00:00,39.0,267.8,San Agustín del Guadalix,30.633000000000003,12953.0,Renta Media-Alta
602,Valdemorillo,2020/04/12 07:00:00,26.0,214.5,Valdemorillo,24.861,12058.0,Renta Media-Media
603,Velilla de San Antonio,2020/04/12 07:00:00,52.0,416.23,Velilla de San Antonio,20.5,12334.0,Renta Media-Baja
604,Villanueva de la Cañada,2020/04/12 07:00:00,68.0,278.87,Villanueva de la Cañada,32.688,18827.0,Renta Alta
605,Villanueva del Pardillo,2020/04/12 07:00:00,59.0,349.34,Villanueva del Pardillo,27.166999999999998,16730.0,Renta Media-Alta
606,Nuevo Baztán,2020/04/12 07:00:00,24.0,361.07,Nuevo Baztán,23.03,5959.0,Renta Media-Media
611,Aranjuez,2020/04/12 07:00:00,354.0,558.09,Aranjuez,20.976,57792.0,Renta Media-Baja
612,Cercedilla,2020/04/12 07:00:00,69.0,921.6,Cercedilla,20.721999999999998,6831.0,Renta Media-Baja
614,Coslada,2020/04/12 07:00:00,620.0,701.33,Coslada,20.386,88847.0,Renta Media-Baja
615,Morata de Tajuña,2020/04/12 07:00:00,81.0,1042.87,Morata de Tajuña,17.993,7452.0,Renta Baja
618,Navas del Rey,2020/04/12 07:00:00,42.0,1426.63,Navas del Rey,17.605999999999998,2640.0,Renta Baja
620,Fuenlabrada,2020/04/12 07:00:00,1186.0,581.33,Fuenlabrada,17.832,195864.0,Renta Baja
621,Pinto,2020/04/12 07:00:00,174.0,327.36,Pinto,20.927,47594.0,Renta Media-Baja
625,Galapagar,2020/04/12 07:00:00,129.0,388.91,Galapagar,25.579,32380.0,Renta Media-Media
626,Griñón,2020/04/12 07:00:00,59.0,511.0,Griñón,22.293000000000003,9928.0,Renta Media-Media
627,Aldea del Fresno,2020/04/12 07:00:00,28.0,928.38,Aldea del Fresno,17.879,2528.0,Renta Baja
631,Ciempozuelos,2020/04/12 07:00:00,139.0,541.57,Ciempozuelos,18.608,23739.0,Renta Media-Baja
633,San Lorenzo de El Escorial,2020/04/12 07:00:00,63.0,355.63,San Lorenzo de El Escorial,24.318,18241.0,Renta Media-Media
634,San Martín de la Vega,2020/04/12 07:00:00,61.0,299.53,San Martín de la Vega,18.410999999999998,19092.0,Renta Media-Baja
635,Móstoles,2020/04/12 07:00:00,1428.0,653.41,Móstoles,19.06,205712.0,Renta Media-Baja
636,Leganés,2020/04/12 07:00:00,2394.0,1215.8,Leganés,19.548,186696.0,Renta Media-Baja
638,Algete,2020/04/12 07:00:00,80.0,360.28,Algete,27.386,20102.0,Renta Media-Alta
639,Mejorada del Campo,2020/04/12 07:00:00,147.0,599.85,Mejorada del Campo,18.533,22763.0,Renta Media-Baja
640,Loeches,2020/04/12 07:00:00,47.0,678.11,Loeches,19.984,8159.0,Renta Media-Baja
641,Parla,2020/04/12 07:00:00,585.0,427.93,Parla,17.772000000000002,125323.0,Renta Baja
647,Soto del Real,2020/04/12 07:00:00,49.0,500.2,Soto del Real,26.491999999999997,8482.0,Renta Media-Media
651,Campo Real,2020/04/12 07:00:00,21.0,348.61,Campo Real,19.386,5775.0,Renta Media-Baja
653,Cobeña,2020/04/12 07:00:00,29.0,388.9,Cobeña,28.180999999999997,6921.0,Renta Media-Alta
656,Guadarrama,2020/04/12 07:00:00,84.0,531.71,Guadarrama,22.3,15547.0,Renta Media-Media
657,San Martín de Valdeiglesias,2020/04/12 07:00:00,50.0,586.24,San Martín de Valdeiglesias,17.371,8516.0,Renta Baja
658,Torrelodones,2020/04/12 07:00:00,101.0,389.45,Torrelodones,33.721,22838.0,Renta Alta
659,Boadilla del Monte,2020/04/12 07:00:00,199.0,376.63,Boadilla del Monte,36.065,47852.0,Renta Alta
661,Tielmes,2020/04/12 07:00:00,28.0,1242.79,Tielmes,16.039,2617.0,Renta Baja
662,San Sebastián de los Reyes,2020/04/12 07:00:00,343.0,373.88,San Sebastián de los Reyes,24.82,83329.0,Renta Media-Media
663,Guadalix de la Sierra,2020/04/12 07:00:00,26.0,435.88,Guadalix de la Sierra,21.118000000000002,6057.0,Renta Media-Baja
664,Humanes de Madrid,2020/04/12 07:00:00,81.0,393.05,Humanes de Madrid,17.593,19404.0,Renta Baja
665,Chinchón,2020/04/12 07:00:00,23.0,445.65,Chinchón,16.925,5447.0,Renta Baja
667,Torrejón de la Calzada,2020/04/12 07:00:00,21.0,243.59,Torrejón de la Calzada,20.897,7739.0,Renta Media-Baja
669,Meco,2020/04/12 07:00:00,114.0,815.33,Meco,21.186,13133.0,Renta Media-Baja
670,Arganda del Rey,2020/04/12 07:00:00,269.0,464.24,Arganda del Rey,19.113,55307.0,Renta Media-Baja
672,Daganzo de Arriba,2020/04/12 07:00:00,36.0,332.29,Daganzo de Arriba,23.326,9841.0,Renta Media-Media
676,Miraflores de la Sierra,2020/04/12 07:00:00,28.0,507.43,Miraflores de la Sierra,22.005,5890.0,Renta Media-Media
677,Paracuellos de Jarama,2020/04/12 07:00:00,60.0,260.77,Paracuellos de Jarama,28.272,21718.0,Renta Media-Alta
679,Collado Villalba,2020/04/12 07:00:00,260.0,375.32,Collado Villalba,21.276,62587.0,Renta Media-Media
680,Colmenarejo,2020/04/12 07:00:00,23.0,284.34,Colmenarejo,23.395,8934.0,Renta Media-Media
682,Sevilla la Nueva,2020/04/12 07:00:00,34.0,341.74,Sevilla la Nueva,21.335,8858.0,Renta Media-Media
684,Brunete,2020/04/12 07:00:00,49.0,433.94,Brunete,23.574,10188.0,Renta Media-Media
685,Villa del Prado,2020/04/12 07:00:00,52.0,788.24,Villa del Prado,16.761,6506.0,Renta Baja
687,Valdemoro,2020/04/12 07:00:00,553.0,723.84,Valdemoro,21.309,72265.0,Renta Media-Media
688,Tres Cantos,2020/04/12 07:00:00,248.0,516.13,Tres Cantos,30.728,42546.0,Renta Media-Alta
692,Arroyomolinos,2020/04/12 07:00:00,126.0,482.96,Arroyomolinos,22.896,25374.0,Renta Media-Media
693,Moralzarzal,2020/04/12 07:00:00,52.0,399.32,Moralzarzal,25.058000000000003,12321.0,Renta Media-Media
694,Villarejo de Salvanés,2020/04/12 07:00:00,32.0,419.89,Villarejo de Salvanés,17.114,7301.0,Renta Baja
695,Serranillos del Valle,2020/04/12 07:00:00,23.0,605.42,Serranillos del Valle,20.634,3957.0,Renta Media-Baja
696,Villaviciosa de Odón,2020/04/12 07:00:00,147.0,529.92,Villaviciosa de Odón,29.414,26911.0,Renta Media-Alta
697,Camarma de Esteruelas,2020/04/12 07:00:00,35.0,491.78,Camarma de Esteruelas,20.953000000000003,7048.0,Renta Media-Baja
700,Majadahonda,2020/04/12 07:00:00,336.0,430.94,Majadahonda,35.254,70359.0,Renta Alta
702,Alcobendas,2020/04/12 07:00:00,481.0,396.82,Alcobendas,34.037,112188.0,Renta Alta
703,Alcalá de Henares,2020/04/12 07:00:00,2020.0,966.29,Alcalá de Henares,21.379,200768.0,Renta Media-Media
704,Colmenar Viejo,2020/04/12 07:00:00,242.0,480.13,Colmenar Viejo,23.982,47445.0,Renta Media-Media
705,San Fernando de Henares,2020/04/12 07:00:00,298.0,709.07,San Fernando de Henares,19.78,40781.0,Renta Media-Baja
706,Villalbilla,2020/04/12 07:00:00,81.0,724.83,Villalbilla,24.35,11916.0,Renta Media-Media
708,Torrejón de Ardoz,2020/04/12 07:00:00,807.0,583.56,Torrejón de Ardoz,19.585,126878.0,Renta Media-Baja
710,Torres de la Alameda,2020/04/12 07:00:00,57.0,691.75,Torres de la Alameda,19.135,7939.0,Renta Media-Baja
711,Alpedrete,2020/04/12 07:00:00,72.0,498.86,Alpedrete,24.855999999999998,14005.0,Renta Media-Media
713,Getafe,2020/04/12 07:00:00,860.0,449.33,Getafe,21.031999999999996,173057.0,Renta Media-Baja
716,Madrid-Retiro,2020/04/11 07:00:00,1079.0,970.55,Madrid-Retiro,51.79,119379.0,Renta Alta
717,Madrid-Salamanca,2020/04/11 07:00:00,1130.0,718.19,Madrid-Salamanca,53.972,146148.0,Renta Alta
718,Madrid-Centro,2020/04/11 07:00:00,779.0,547.71,Madrid-Centro,31.378,134881.0,Renta Media-Alta
719,Madrid-Arganzuela,2020/04/11 07:00:00,1132.0,634.52,Madrid-Arganzuela,40.201,153830.0,Renta Alta
720,Madrid-Chamartín,2020/04/11 07:00:00,1111.0,756.37,Madrid-Chamartín,60.948,145865.0,Renta Alta
721,Madrid-Tetuán,2020/04/11 07:00:00,1542.0,943.25,Madrid-Tetuán,34.7,157937.0,Renta Alta
722,Madrid-Chamberí,2020/04/11 07:00:00,996.0,670.79,Madrid-Chamberí,48.989,139448.0,Renta Alta
725,Madrid-Latina,2020/04/11 07:00:00,1855.0,743.28,Madrid-Latina,30.156,238154.0,Renta Media-Alta
726,Madrid-Carabanchel,2020/04/11 07:00:00,1794.0,728.03,Madrid-Carabanchel,27.936,253040.0,Renta Media-Alta
727,Madrid-Usera,2020/04/11 07:00:00,1059.0,713.36,Madrid-Usera,25.569000000000003,139501.0,Renta Media-Media
728,Madrid-Puente de Vallecas,2020/04/11 07:00:00,2320.0,907.19,Madrid-Puente de Vallecas,24.688000000000002,234770.0,Renta Media-Media
729,Madrid-San Blas - Canillejas,2020/04/11 07:00:00,1039.0,748.15,Madrid-San Blas - Canillejas,34.494,158166.0,Renta Alta
730,Madrid-Barajas,2020/04/11 07:00:00,325.0,616.92,Madrid-Barajas,46.347,48972.0,Renta Alta
731,Madrid-Moratalaz,2020/04/11 07:00:00,1009.0,1036.19,Madrid-Moratalaz,34.753,94609.0,Renta Alta
732,Madrid-Ciudad Lineal,2020/04/11 07:00:00,1571.0,593.6,Madrid-Ciudad Lineal,36.833,216270.0,Renta Alta
733,Madrid-Hortaleza,2020/04/11 07:00:00,1287.0,609.16,Madrid-Hortaleza,47.11,188267.0,Renta Alta
734,Madrid-Villaverde,2020/04/11 07:00:00,1059.0,665.86,Madrid-Villaverde,26.599,148883.0,Renta Media-Alta
735,Madrid-Villa de Vallecas,2020/04/11 07:00:00,984.0,922.83,Madrid-Villa de Vallecas,30.17,110436.0,Renta Media-Alta
736,Madrid-Vicálvaro,2020/04/11 07:00:00,625.0,869.41,Madrid-Vicálvaro,31.465999999999998,72126.0,Renta Media-Alta
737,Pozuelo de Alarcón,2020/04/11 07:00:00,436.0,493.77,Pozuelo de Alarcón,44.043,84360.0,Renta Alta
738,Alcorcón,2020/04/11 07:00:00,1219.0,697.2,Alcorcón,20.995,170336.0,Renta Media-Baja
739,Navalcarnero,2020/04/11 07:00:00,114.0,403.84,Navalcarnero,20.189,26364.0,Renta Media-Baja
740,San Agustín del Guadalix,2020/04/11 07:00:00,34.0,233.47,San Agustín del Guadalix,30.633000000000003,12953.0,Renta Media-Alta
744,Valdemorillo,2020/04/11 07:00:00,26.0,214.5,Valdemorillo,24.861,12058.0,Renta Media-Media
745,Velilla de San Antonio,2020/04/11 07:00:00,52.0,416.23,Velilla de San Antonio,20.5,12334.0,Renta Media-Baja
746,Villanueva de la Cañada,2020/04/11 07:00:00,68.0,278.87,Villanueva de la Cañada,32.688,18827.0,Renta Alta
747,Villanueva del Pardillo,2020/04/11 07:00:00,59.0,349.34,Villanueva del Pardillo,27.166999999999998,16730.0,Renta Media-Alta
748,Nuevo Baztán,2020/04/11 07:00:00,24.0,361.07,Nuevo Baztán,23.03,5959.0,Renta Media-Media
753,Aranjuez,2020/04/11 07:00:00,350.0,551.78,Aranjuez,20.976,57792.0,Renta Media-Baja
754,Cercedilla,2020/04/11 07:00:00,68.0,908.24,Cercedilla,20.721999999999998,6831.0,Renta Media-Baja
756,Coslada,2020/04/11 07:00:00,614.0,694.55,Coslada,20.386,88847.0,Renta Media-Baja
757,Morata de Tajuña,2020/04/11 07:00:00,80.0,1030.0,Morata de Tajuña,17.993,7452.0,Renta Baja
760,Navas del Rey,2020/04/11 07:00:00,42.0,1426.63,Navas del Rey,17.605999999999998,2640.0,Renta Baja
762,Fuenlabrada,2020/04/11 07:00:00,1176.0,576.43,Fuenlabrada,17.832,195864.0,Renta Baja
763,Pinto,2020/04/11 07:00:00,173.0,325.48,Pinto,20.927,47594.0,Renta Media-Baja
767,Galapagar,2020/04/11 07:00:00,128.0,385.89,Galapagar,25.579,32380.0,Renta Media-Media
768,Griñón,2020/04/11 07:00:00,58.0,502.34,Griñón,22.293000000000003,9928.0,Renta Media-Media
769,Aldea del Fresno,2020/04/11 07:00:00,28.0,928.38,Aldea del Fresno,17.879,2528.0,Renta Baja
773,Ciempozuelos,2020/04/11 07:00:00,139.0,541.57,Ciempozuelos,18.608,23739.0,Renta Media-Baja
775,San Lorenzo de El Escorial,2020/04/11 07:00:00,62.0,349.99,San Lorenzo de El Escorial,24.318,18241.0,Renta Media-Media
776,San Martín de la Vega,2020/04/11 07:00:00,59.0,289.71,San Martín de la Vega,18.410999999999998,19092.0,Renta Media-Baja
777,Móstoles,2020/04/11 07:00:00,1412.0,646.09,Móstoles,19.06,205712.0,Renta Media-Baja
778,Leganés,2020/04/11 07:00:00,2388.0,1212.75,Leganés,19.548,186696.0,Renta Media-Baja
780,Algete,2020/04/11 07:00:00,78.0,351.27,Algete,27.386,20102.0,Renta Media-Alta
781,Mejorada del Campo,2020/04/11 07:00:00,146.0,595.77,Mejorada del Campo,18.533,22763.0,Renta Media-Baja
782,Loeches,2020/04/11 07:00:00,46.0,663.68,Loeches,19.984,8159.0,Renta Media-Baja
783,Parla,2020/04/11 07:00:00,581.0,425.0,Parla,17.772000000000002,125323.0,Renta Baja
789,Soto del Real,2020/04/11 07:00:00,49.0,500.2,Soto del Real,26.491999999999997,8482.0,Renta Media-Media
795,Cobeña,2020/04/11 07:00:00,29.0,388.9,Cobeña,28.180999999999997,6921.0,Renta Media-Alta
798,Guadarrama,2020/04/11 07:00:00,83.0,525.38,Guadarrama,22.3,15547.0,Renta Media-Media
799,San Martín de Valdeiglesias,2020/04/11 07:00:00,48.0,562.79,San Martín de Valdeiglesias,17.371,8516.0,Renta Baja
800,Torrelodones,2020/04/11 07:00:00,101.0,389.45,Torrelodones,33.721,22838.0,Renta Alta
801,Boadilla del Monte,2020/04/11 07:00:00,193.0,365.27,Boadilla del Monte,36.065,47852.0,Renta Alta
803,Tielmes,2020/04/11 07:00:00,28.0,1242.79,Tielmes,16.039,2617.0,Renta Baja
804,San Sebastián de los Reyes,2020/04/11 07:00:00,329.0,358.62,San Sebastián de los Reyes,24.82,83329.0,Renta Media-Media
805,Guadalix de la Sierra,2020/04/11 07:00:00,26.0,435.88,Guadalix de la Sierra,21.118000000000002,6057.0,Renta Media-Baja
806,Humanes de Madrid,2020/04/11 07:00:00,80.0,388.2,Humanes de Madrid,17.593,19404.0,Renta Baja
807,Chinchón,2020/04/11 07:00:00,23.0,445.65,Chinchón,16.925,5447.0,Renta Baja
811,Meco,2020/04/11 07:00:00,114.0,815.33,Meco,21.186,13133.0,Renta Media-Baja
812,Arganda del Rey,2020/04/11 07:00:00,266.0,459.06,Arganda del Rey,19.113,55307.0,Renta Media-Baja
814,Daganzo de Arriba,2020/04/11 07:00:00,36.0,332.29,Daganzo de Arriba,23.326,9841.0,Renta Media-Media
818,Miraflores de la Sierra,2020/04/11 07:00:00,28.0,507.43,Miraflores de la Sierra,22.005,5890.0,Renta Media-Media
819,Paracuellos de Jarama,2020/04/11 07:00:00,60.0,260.77,Paracuellos de Jarama,28.272,21718.0,Renta Media-Alta
821,Collado Villalba,2020/04/11 07:00:00,254.0,366.65,Collado Villalba,21.276,62587.0,Renta Media-Media
822,Colmenarejo,2020/04/11 07:00:00,22.0,271.97,Colmenarejo,23.395,8934.0,Renta Media-Media
824,Sevilla la Nueva,2020/04/11 07:00:00,28.0,281.44,Sevilla la Nueva,21.335,8858.0,Renta Media-Media
826,Brunete,2020/04/11 07:00:00,48.0,425.08,Brunete,23.574,10188.0,Renta Media-Media
827,Villa del Prado,2020/04/11 07:00:00,47.0,712.45,Villa del Prado,16.761,6506.0,Renta Baja
829,Valdemoro,2020/04/11 07:00:00,552.0,722.53,Valdemoro,21.309,72265.0,Renta Media-Media
830,Tres Cantos,2020/04/11 07:00:00,244.0,507.8,Tres Cantos,30.728,42546.0,Renta Media-Alta
834,Arroyomolinos,2020/04/11 07:00:00,122.0,467.63,Arroyomolinos,22.896,25374.0,Renta Media-Media
835,Moralzarzal,2020/04/11 07:00:00,51.0,391.64,Moralzarzal,25.058000000000003,12321.0,Renta Media-Media
836,Villarejo de Salvanés,2020/04/11 07:00:00,32.0,419.89,Villarejo de Salvanés,17.114,7301.0,Renta Baja
837,Serranillos del Valle,2020/04/11 07:00:00,22.0,579.1,Serranillos del Valle,20.634,3957.0,Renta Media-Baja
838,Villaviciosa de Odón,2020/04/11 07:00:00,144.0,519.11,Villaviciosa de Odón,29.414,26911.0,Renta Media-Alta
839,Camarma de Esteruelas,2020/04/11 07:00:00,35.0,491.78,Camarma de Esteruelas,20.953000000000003,7048.0,Renta Media-Baja
842,Majadahonda,2020/04/11 07:00:00,334.0,428.38,Majadahonda,35.254,70359.0,Renta Alta
844,Alcobendas,2020/04/11 07:00:00,465.0,383.62,Alcobendas,34.037,112188.0,Renta Alta
845,Alcalá de Henares,2020/04/11 07:00:00,2012.0,962.47,Alcalá de Henares,21.379,200768.0,Renta Media-Media
846,Colmenar Viejo,2020/04/11 07:00:00,240.0,476.16,Colmenar Viejo,23.982,47445.0,Renta Media-Media
847,San Fernando de Henares,2020/04/11 07:00:00,297.0,706.69,San Fernando de Henares,19.78,40781.0,Renta Media-Baja
848,Villalbilla,2020/04/11 07:00:00,81.0,724.83,Villalbilla,24.35,11916.0,Renta Media-Media
850,Torrejón de Ardoz,2020/04/11 07:00:00,804.0,581.39,Torrejón de Ardoz,19.585,126878.0,Renta Media-Baja
852,Torres de la Alameda,2020/04/11 07:00:00,57.0,691.75,Torres de la Alameda,19.135,7939.0,Renta Media-Baja
853,Alpedrete,2020/04/11 07:00:00,72.0,498.86,Alpedrete,24.855999999999998,14005.0,Renta Media-Media
855,Getafe,2020/04/11 07:00:00,849.0,443.58,Getafe,21.031999999999996,173057.0,Renta Media-Baja
858,Madrid-Retiro,2020/04/10 07:00:00,1053.0,947.16,Madrid-Retiro,51.79,119379.0,Renta Alta
859,Madrid-Salamanca,2020/04/10 07:00:00,1110.0,705.47,Madrid-Salamanca,53.972,146148.0,Renta Alta
860,Madrid-Centro,2020/04/10 07:00:00,757.0,532.24,Madrid-Centro,31.378,134881.0,Renta Media-Alta
861,Madrid-Arganzuela,2020/04/10 07:00:00,1118.0,626.67,Madrid-Arganzuela,40.201,153830.0,Renta Alta
862,Madrid-Chamartín,2020/04/10 07:00:00,1091.0,742.76,Madrid-Chamartín,60.948,145865.0,Renta Alta
863,Madrid-Tetuán,2020/04/10 07:00:00,1504.0,920.0,Madrid-Tetuán,34.7,157937.0,Renta Alta
864,Madrid-Chamberí,2020/04/10 07:00:00,955.0,643.18,Madrid-Chamberí,48.989,139448.0,Renta Alta
867,Madrid-Latina,2020/04/10 07:00:00,1778.0,712.42,Madrid-Latina,30.156,238154.0,Renta Media-Alta
868,Madrid-Carabanchel,2020/04/10 07:00:00,1726.0,700.44,Madrid-Carabanchel,27.936,253040.0,Renta Media-Alta
869,Madrid-Usera,2020/04/10 07:00:00,1016.0,684.4,Madrid-Usera,25.569000000000003,139501.0,Renta Media-Media
870,Madrid-Puente de Vallecas,2020/04/10 07:00:00,2271.0,888.03,Madrid-Puente de Vallecas,24.688000000000002,234770.0,Renta Media-Media
871,Madrid-San Blas - Canillejas,2020/04/10 07:00:00,1019.0,733.75,Madrid-San Blas - Canillejas,34.494,158166.0,Renta Alta
872,Madrid-Barajas,2020/04/10 07:00:00,319.0,605.53,Madrid-Barajas,46.347,48972.0,Renta Alta
873,Madrid-Moratalaz,2020/04/10 07:00:00,980.0,1006.41,Madrid-Moratalaz,34.753,94609.0,Renta Alta
874,Madrid-Ciudad Lineal,2020/04/10 07:00:00,1536.0,580.38,Madrid-Ciudad Lineal,36.833,216270.0,Renta Alta
875,Madrid-Hortaleza,2020/04/10 07:00:00,1259.0,595.91,Madrid-Hortaleza,47.11,188267.0,Renta Alta
876,Madrid-Villaverde,2020/04/10 07:00:00,1023.0,643.22,Madrid-Villaverde,26.599,148883.0,Renta Media-Alta
877,Madrid-Villa de Vallecas,2020/04/10 07:00:00,973.0,912.51,Madrid-Villa de Vallecas,30.17,110436.0,Renta Media-Alta
878,Madrid-Vicálvaro,2020/04/10 07:00:00,612.0,851.32,Madrid-Vicálvaro,31.465999999999998,72126.0,Renta Media-Alta
879,Pozuelo de Alarcón,2020/04/10 07:00:00,434.0,491.51,Pozuelo de Alarcón,44.043,84360.0,Renta Alta
880,Alcorcón,2020/04/10 07:00:00,1184.0,677.19,Alcorcón,20.995,170336.0,Renta Media-Baja
881,Navalcarnero,2020/04/10 07:00:00,112.0,396.76,Navalcarnero,20.189,26364.0,Renta Media-Baja
882,San Agustín del Guadalix,2020/04/10 07:00:00,32.0,219.73,San Agustín del Guadalix,30.633000000000003,12953.0,Renta Media-Alta
886,Valdemorillo,2020/04/10 07:00:00,25.0,206.25,Valdemorillo,24.861,12058.0,Renta Media-Media
887,Velilla de San Antonio,2020/04/10 07:00:00,51.0,408.23,Velilla de San Antonio,20.5,12334.0,Renta Media-Baja
888,Villanueva de la Cañada,2020/04/10 07:00:00,66.0,270.67,Villanueva de la Cañada,32.688,18827.0,Renta Alta
889,Villanueva del Pardillo,2020/04/10 07:00:00,58.0,343.42,Villanueva del Pardillo,27.166999999999998,16730.0,Renta Media-Alta
890,Nuevo Baztán,2020/04/10 07:00:00,23.0,346.02,Nuevo Baztán,23.03,5959.0,Renta Media-Media
895,Aranjuez,2020/04/10 07:00:00,343.0,540.75,Aranjuez,20.976,57792.0,Renta Media-Baja
896,Cercedilla,2020/04/10 07:00:00,68.0,908.24,Cercedilla,20.721999999999998,6831.0,Renta Media-Baja
898,Coslada,2020/04/10 07:00:00,608.0,687.76,Coslada,20.386,88847.0,Renta Media-Baja
899,Morata de Tajuña,2020/04/10 07:00:00,77.0,991.37,Morata de Tajuña,17.993,7452.0,Renta Baja
902,Navas del Rey,2020/04/10 07:00:00,42.0,1426.63,Navas del Rey,17.605999999999998,2640.0,Renta Baja
904,Fuenlabrada,2020/04/10 07:00:00,1147.0,562.21,Fuenlabrada,17.832,195864.0,Renta Baja
905,Pinto,2020/04/10 07:00:00,169.0,317.96,Pinto,20.927,47594.0,Renta Media-Baja
909,Galapagar,2020/04/10 07:00:00,125.0,376.85,Galapagar,25.579,32380.0,Renta Media-Media
910,Griñón,2020/04/10 07:00:00,57.0,493.68,Griñón,22.293000000000003,9928.0,Renta Media-Media
911,Aldea del Fresno,2020/04/10 07:00:00,28.0,928.38,Aldea del Fresno,17.879,2528.0,Renta Baja
915,Ciempozuelos,2020/04/10 07:00:00,139.0,541.57,Ciempozuelos,18.608,23739.0,Renta Media-Baja
917,San Lorenzo de El Escorial,2020/04/10 07:00:00,60.0,338.7,San Lorenzo de El Escorial,24.318,18241.0,Renta Media-Media
918,San Martín de la Vega,2020/04/10 07:00:00,56.0,274.98,San Martín de la Vega,18.410999999999998,19092.0,Renta Media-Baja
919,Móstoles,2020/04/10 07:00:00,1374.0,628.7,Móstoles,19.06,205712.0,Renta Media-Baja
920,Leganés,2020/04/10 07:00:00,2266.0,1150.79,Leganés,19.548,186696.0,Renta Media-Baja
922,Algete,2020/04/10 07:00:00,74.0,333.26,Algete,27.386,20102.0,Renta Media-Alta
923,Mejorada del Campo,2020/04/10 07:00:00,142.0,579.45,Mejorada del Campo,18.533,22763.0,Renta Media-Baja
924,Loeches,2020/04/10 07:00:00,45.0,649.26,Loeches,19.984,8159.0,Renta Media-Baja
925,Parla,2020/04/10 07:00:00,569.0,416.22,Parla,17.772000000000002,125323.0,Renta Baja
931,Soto del Real,2020/04/10 07:00:00,49.0,500.2,Soto del Real,26.491999999999997,8482.0,Renta Media-Media
937,Cobeña,2020/04/10 07:00:00,28.0,375.49,Cobeña,28.180999999999997,6921.0,Renta Media-Alta
940,Guadarrama,2020/04/10 07:00:00,82.0,519.05,Guadarrama,22.3,15547.0,Renta Media-Media
941,San Martín de Valdeiglesias,2020/04/10 07:00:00,47.0,551.06,San Martín de Valdeiglesias,17.371,8516.0,Renta Baja
942,Torrelodones,2020/04/10 07:00:00,101.0,389.45,Torrelodones,33.721,22838.0,Renta Alta
943,Boadilla del Monte,2020/04/10 07:00:00,186.0,352.03,Boadilla del Monte,36.065,47852.0,Renta Alta
945,Tielmes,2020/04/10 07:00:00,28.0,1242.79,Tielmes,16.039,2617.0,Renta Baja
946,San Sebastián de los Reyes,2020/04/10 07:00:00,309.0,336.82,San Sebastián de los Reyes,24.82,83329.0,Renta Media-Media
947,Guadalix de la Sierra,2020/04/10 07:00:00,25.0,419.11,Guadalix de la Sierra,21.118000000000002,6057.0,Renta Media-Baja
948,Humanes de Madrid,2020/04/10 07:00:00,77.0,373.64,Humanes de Madrid,17.593,19404.0,Renta Baja
949,Chinchón,2020/04/10 07:00:00,22.0,426.27,Chinchón,16.925,5447.0,Renta Baja
953,Meco,2020/04/10 07:00:00,112.0,801.03,Meco,21.186,13133.0,Renta Media-Baja
954,Arganda del Rey,2020/04/10 07:00:00,262.0,452.16,Arganda del Rey,19.113,55307.0,Renta Media-Baja
956,Daganzo de Arriba,2020/04/10 07:00:00,36.0,332.29,Daganzo de Arriba,23.326,9841.0,Renta Media-Media
960,Miraflores de la Sierra,2020/04/10 07:00:00,27.0,489.31,Miraflores de la Sierra,22.005,5890.0,Renta Media-Media
961,Paracuellos de Jarama,2020/04/10 07:00:00,59.0,256.42,Paracuellos de Jarama,28.272,21718.0,Renta Media-Alta
963,Collado Villalba,2020/04/10 07:00:00,251.0,362.32,Collado Villalba,21.276,62587.0,Renta Media-Media
964,Colmenarejo,2020/04/10 07:00:00,21.0,259.61,Colmenarejo,23.395,8934.0,Renta Media-Media
966,Sevilla la Nueva,2020/04/10 07:00:00,28.0,281.44,Sevilla la Nueva,21.335,8858.0,Renta Media-Media
968,Brunete,2020/04/10 07:00:00,48.0,425.08,Brunete,23.574,10188.0,Renta Media-Media
969,Villa del Prado,2020/04/10 07:00:00,43.0,651.81,Villa del Prado,16.761,6506.0,Renta Baja
971,Valdemoro,2020/04/10 07:00:00,539.0,705.52,Valdemoro,21.309,72265.0,Renta Media-Media
972,Tres Cantos,2020/04/10 07:00:00,240.0,499.48,Tres Cantos,30.728,42546.0,Renta Media-Alta
976,Arroyomolinos,2020/04/10 07:00:00,120.0,459.96,Arroyomolinos,22.896,25374.0,Renta Media-Media
977,Moralzarzal,2020/04/10 07:00:00,51.0,391.64,Moralzarzal,25.058000000000003,12321.0,Renta Media-Media
978,Villarejo de Salvanés,2020/04/10 07:00:00,32.0,419.89,Villarejo de Salvanés,17.114,7301.0,Renta Baja
979,Serranillos del Valle,2020/04/10 07:00:00,21.0,552.78,Serranillos del Valle,20.634,3957.0,Renta Media-Baja
980,Villaviciosa de Odón,2020/04/10 07:00:00,141.0,508.29,Villaviciosa de Odón,29.414,26911.0,Renta Media-Alta
981,Camarma de Esteruelas,2020/04/10 07:00:00,35.0,491.78,Camarma de Esteruelas,20.953000000000003,7048.0,Renta Media-Baja
984,Majadahonda,2020/04/10 07:00:00,330.0,423.25,Majadahonda,35.254,70359.0,Renta Alta
986,Alcobendas,2020/04/10 07:00:00,448.0,369.59,Alcobendas,34.037,112188.0,Renta Alta
987,Alcalá de Henares,2020/04/10 07:00:00,1987.0,950.51,Alcalá de Henares,21.379,200768.0,Renta Media-Media
988,Colmenar Viejo,2020/04/10 07:00:00,228.0,452.35,Colmenar Viejo,23.982,47445.0,Renta Media-Media
989,San Fernando de Henares,2020/04/10 07:00:00,287.0,682.89,San Fernando de Henares,19.78,40781.0,Renta Media-Baja
990,Villalbilla,2020/04/10 07:00:00,78.0,697.99,Villalbilla,24.35,11916.0,Renta Media-Media
992,Torrejón de Ardoz,2020/04/10 07:00:00,792.0,572.71,Torrejón de Ardoz,19.585,126878.0,Renta Media-Baja
994,Torres de la Alameda,2020/04/10 07:00:00,56.0,679.61,Torres de la Alameda,19.135,7939.0,Renta Media-Baja
995,Alpedrete,2020/04/10 07:00:00,71.0,491.93,Alpedrete,24.855999999999998,14005.0,Renta Media-Media
997,Getafe,2020/04/10 07:00:00,821.0,428.95,Getafe,21.031999999999996,173057.0,Renta Media-Baja
1000,Madrid-Retiro,2020/04/09 07:00:00,1033.0,929.17,Madrid-Retiro,51.79,119379.0,Renta Alta
1001,Madrid-Salamanca,2020/04/09 07:00:00,1103.0,701.03,Madrid-Salamanca,53.972,146148.0,Renta Alta
1002,Madrid-Centro,2020/04/09 07:00:00,740.0,520.29,Madrid-Centro,31.378,134881.0,Renta Media-Alta
1003,Madrid-Arganzuela,2020/04/09 07:00:00,1092.0,612.1,Madrid-Arganzuela,40.201,153830.0,Renta Alta
1004,Madrid-Chamartín,2020/04/09 07:00:00,1079.0,734.59,Madrid-Chamartín,60.948,145865.0,Renta Alta
1005,Madrid-Tetuán,2020/04/09 07:00:00,1490.0,911.44,Madrid-Tetuán,34.7,157937.0,Renta Alta
1006,Madrid-Chamberí,2020/04/09 07:00:00,927.0,624.32,Madrid-Chamberí,48.989,139448.0,Renta Alta
1009,Madrid-Latina,2020/04/09 07:00:00,1745.0,699.2,Madrid-Latina,30.156,238154.0,Renta Media-Alta
1010,Madrid-Carabanchel,2020/04/09 07:00:00,1690.0,685.83,Madrid-Carabanchel,27.936,253040.0,Renta Media-Alta
1011,Madrid-Usera,2020/04/09 07:00:00,973.0,655.43,Madrid-Usera,25.569000000000003,139501.0,Renta Media-Media
1012,Madrid-Puente de Vallecas,2020/04/09 07:00:00,2243.0,877.08,Madrid-Puente de Vallecas,24.688000000000002,234770.0,Renta Media-Media
1013,Madrid-San Blas - Canillejas,2020/04/09 07:00:00,1004.0,722.95,Madrid-San Blas - Canillejas,34.494,158166.0,Renta Alta
1014,Madrid-Barajas,2020/04/09 07:00:00,305.0,578.96,Madrid-Barajas,46.347,48972.0,Renta Alta
1015,Madrid-Moratalaz,2020/04/09 07:00:00,958.0,983.82,Madrid-Moratalaz,34.753,94609.0,Renta Alta
1016,Madrid-Ciudad Lineal,2020/04/09 07:00:00,1507.0,569.42,Madrid-Ciudad Lineal,36.833,216270.0,Renta Alta
1017,Madrid-Hortaleza,2020/04/09 07:00:00,1241.0,587.39,Madrid-Hortaleza,47.11,188267.0,Renta Alta
1018,Madrid-Villaverde,2020/04/09 07:00:00,992.0,623.73,Madrid-Villaverde,26.599,148883.0,Renta Media-Alta
1019,Madrid-Villa de Vallecas,2020/04/09 07:00:00,964.0,904.07,Madrid-Villa de Vallecas,30.17,110436.0,Renta Media-Alta
1020,Madrid-Vicálvaro,2020/04/09 07:00:00,595.0,827.68,Madrid-Vicálvaro,31.465999999999998,72126.0,Renta Media-Alta
1021,Pozuelo de Alarcón,2020/04/09 07:00:00,428.0,484.71,Pozuelo de Alarcón,44.043,84360.0,Renta Alta
1022,Alcorcón,2020/04/09 07:00:00,1146.0,655.45,Alcorcón,20.995,170336.0,Renta Media-Baja
1023,Navalcarnero,2020/04/09 07:00:00,109.0,386.13,Navalcarnero,20.189,26364.0,Renta Media-Baja
1024,San Agustín del Guadalix,2020/04/09 07:00:00,32.0,219.73,San Agustín del Guadalix,30.633000000000003,12953.0,Renta Media-Alta
1028,Valdemorillo,2020/04/09 07:00:00,24.0,198.0,Valdemorillo,24.861,12058.0,Renta Media-Media
1029,Velilla de San Antonio,2020/04/09 07:00:00,50.0,400.22,Velilla de San Antonio,20.5,12334.0,Renta Media-Baja
1030,Villanueva de la Cañada,2020/04/09 07:00:00,65.0,266.57,Villanueva de la Cañada,32.688,18827.0,Renta Alta
1031,Villanueva del Pardillo,2020/04/09 07:00:00,58.0,343.42,Villanueva del Pardillo,27.166999999999998,16730.0,Renta Media-Alta
1032,Nuevo Baztán,2020/04/09 07:00:00,22.0,330.98,Nuevo Baztán,23.03,5959.0,Renta Media-Media
1037,Aranjuez,2020/04/09 07:00:00,336.0,529.71,Aranjuez,20.976,57792.0,Renta Media-Baja
1038,Cercedilla,2020/04/09 07:00:00,58.0,774.68,Cercedilla,20.721999999999998,6831.0,Renta Media-Baja
1040,Coslada,2020/04/09 07:00:00,607.0,686.63,Coslada,20.386,88847.0,Renta Media-Baja
1041,Morata de Tajuña,2020/04/09 07:00:00,76.0,978.5,Morata de Tajuña,17.993,7452.0,Renta Baja
1044,Navas del Rey,2020/04/09 07:00:00,41.0,1392.66,Navas del Rey,17.605999999999998,2640.0,Renta Baja
1046,Fuenlabrada,2020/04/09 07:00:00,1095.0,536.73,Fuenlabrada,17.832,195864.0,Renta Baja
1047,Pinto,2020/04/09 07:00:00,157.0,295.38,Pinto,20.927,47594.0,Renta Media-Baja
1051,Galapagar,2020/04/09 07:00:00,122.0,367.8,Galapagar,25.579,32380.0,Renta Media-Media
1052,Griñón,2020/04/09 07:00:00,56.0,485.02,Griñón,22.293000000000003,9928.0,Renta Media-Media
1053,Aldea del Fresno,2020/04/09 07:00:00,28.0,928.38,Aldea del Fresno,17.879,2528.0,Renta Baja
1057,Ciempozuelos,2020/04/09 07:00:00,137.0,533.78,Ciempozuelos,18.608,23739.0,Renta Media-Baja
1059,San Lorenzo de El Escorial,2020/04/09 07:00:00,59.0,333.05,San Lorenzo de El Escorial,24.318,18241.0,Renta Media-Media
1060,San Martín de la Vega,2020/04/09 07:00:00,56.0,274.98,San Martín de la Vega,18.410999999999998,19092.0,Renta Media-Baja
1061,Móstoles,2020/04/09 07:00:00,1313.0,600.79,Móstoles,19.06,205712.0,Renta Media-Baja
1062,Leganés,2020/04/09 07:00:00,2236.0,1135.56,Leganés,19.548,186696.0,Renta Media-Baja
1064,Algete,2020/04/09 07:00:00,73.0,328.75,Algete,27.386,20102.0,Renta Media-Alta
1065,Mejorada del Campo,2020/04/09 07:00:00,140.0,571.29,Mejorada del Campo,18.533,22763.0,Renta Media-Baja
1066,Loeches,2020/04/09 07:00:00,45.0,649.26,Loeches,19.984,8159.0,Renta Media-Baja
1067,Parla,2020/04/09 07:00:00,560.0,409.64,Parla,17.772000000000002,125323.0,Renta Baja
1072,Soto del Real,2020/04/09 07:00:00,49.0,500.2,Soto del Real,26.491999999999997,8482.0,Renta Media-Media
1078,Cobeña,2020/04/09 07:00:00,28.0,375.49,Cobeña,28.180999999999997,6921.0,Renta Media-Alta
1081,Guadarrama,2020/04/09 07:00:00,76.0,481.07,Guadarrama,22.3,15547.0,Renta Media-Media
1082,San Martín de Valdeiglesias,2020/04/09 07:00:00,46.0,539.34,San Martín de Valdeiglesias,17.371,8516.0,Renta Baja
1083,Torrelodones,2020/04/09 07:00:00,100.0,385.59,Torrelodones,33.721,22838.0,Renta Alta
1084,Boadilla del Monte,2020/04/09 07:00:00,185.0,350.13,Boadilla del Monte,36.065,47852.0,Renta Alta
1086,Tielmes,2020/04/09 07:00:00,28.0,1242.79,Tielmes,16.039,2617.0,Renta Baja
1087,San Sebastián de los Reyes,2020/04/09 07:00:00,303.0,330.28,San Sebastián de los Reyes,24.82,83329.0,Renta Media-Media
1088,Guadalix de la Sierra,2020/04/09 07:00:00,25.0,419.11,Guadalix de la Sierra,21.118000000000002,6057.0,Renta Media-Baja
1089,Humanes de Madrid,2020/04/09 07:00:00,74.0,359.08,Humanes de Madrid,17.593,19404.0,Renta Baja
1094,Meco,2020/04/09 07:00:00,111.0,793.88,Meco,21.186,13133.0,Renta Media-Baja
1095,Arganda del Rey,2020/04/09 07:00:00,260.0,448.71,Arganda del Rey,19.113,55307.0,Renta Media-Baja
1097,Daganzo de Arriba,2020/04/09 07:00:00,35.0,323.06,Daganzo de Arriba,23.326,9841.0,Renta Media-Media
1101,Miraflores de la Sierra,2020/04/09 07:00:00,25.0,453.06,Miraflores de la Sierra,22.005,5890.0,Renta Media-Media
1102,Paracuellos de Jarama,2020/04/09 07:00:00,59.0,256.42,Paracuellos de Jarama,28.272,21718.0,Renta Media-Alta
1104,Collado Villalba,2020/04/09 07:00:00,235.0,339.23,Collado Villalba,21.276,62587.0,Renta Media-Media
1107,Sevilla la Nueva,2020/04/09 07:00:00,25.0,251.28,Sevilla la Nueva,21.335,8858.0,Renta Media-Media
1109,Brunete,2020/04/09 07:00:00,46.0,407.37,Brunete,23.574,10188.0,Renta Media-Media
1110,Villa del Prado,2020/04/09 07:00:00,42.0,636.65,Villa del Prado,16.761,6506.0,Renta Baja
1112,Valdemoro,2020/04/09 07:00:00,528.0,691.12,Valdemoro,21.309,72265.0,Renta Media-Media
1113,Tres Cantos,2020/04/09 07:00:00,235.0,489.07,Tres Cantos,30.728,42546.0,Renta Media-Alta
1117,Arroyomolinos,2020/04/09 07:00:00,110.0,421.63,Arroyomolinos,22.896,25374.0,Renta Media-Media
1118,Moralzarzal,2020/04/09 07:00:00,48.0,368.61,Moralzarzal,25.058000000000003,12321.0,Renta Media-Media
1119,Villarejo de Salvanés,2020/04/09 07:00:00,31.0,406.77,Villarejo de Salvanés,17.114,7301.0,Renta Baja
1120,Serranillos del Valle,2020/04/09 07:00:00,21.0,552.78,Serranillos del Valle,20.634,3957.0,Renta Media-Baja
1121,Villaviciosa de Odón,2020/04/09 07:00:00,134.0,483.06,Villaviciosa de Odón,29.414,26911.0,Renta Media-Alta
1122,Camarma de Esteruelas,2020/04/09 07:00:00,35.0,491.78,Camarma de Esteruelas,20.953000000000003,7048.0,Renta Media-Baja
1125,Majadahonda,2020/04/09 07:00:00,331.0,424.53,Majadahonda,35.254,70359.0,Renta Alta
1127,Alcobendas,2020/04/09 07:00:00,438.0,361.34,Alcobendas,34.037,112188.0,Renta Alta
1128,Alcalá de Henares,2020/04/09 07:00:00,1966.0,940.46,Alcalá de Henares,21.379,200768.0,Renta Media-Media
1129,Colmenar Viejo,2020/04/09 07:00:00,223.0,442.43,Colmenar Viejo,23.982,47445.0,Renta Media-Media
1130,San Fernando de Henares,2020/04/09 07:00:00,284.0,675.76,San Fernando de Henares,19.78,40781.0,Renta Media-Baja
1131,Villalbilla,2020/04/09 07:00:00,76.0,680.09,Villalbilla,24.35,11916.0,Renta Media-Media
1133,Torrejón de Ardoz,2020/04/09 07:00:00,775.0,560.42,Torrejón de Ardoz,19.585,126878.0,Renta Media-Baja
1135,Torres de la Alameda,2020/04/09 07:00:00,56.0,679.61,Torres de la Alameda,19.135,7939.0,Renta Media-Baja
1136,Alpedrete,2020/04/09 07:00:00,71.0,491.93,Alpedrete,24.855999999999998,14005.0,Renta Media-Media
1138,Getafe,2020/04/09 07:00:00,778.0,406.48,Getafe,21.031999999999996,173057.0,Renta Media-Baja
1141,Madrid-Retiro,2020/04/08 07:00:00,983.0,884.2,Madrid-Retiro,51.79,119379.0,Renta Alta
1142,Madrid-Salamanca,2020/04/08 07:00:00,1076.0,683.86,Madrid-Salamanca,53.972,146148.0,Renta Alta
1143,Madrid-Centro,2020/04/08 07:00:00,708.0,497.79,Madrid-Centro,31.378,134881.0,Renta Media-Alta
1144,Madrid-Arganzuela,2020/04/08 07:00:00,1066.0,597.53,Madrid-Arganzuela,40.201,153830.0,Renta Alta
1145,Madrid-Chamartín,2020/04/08 07:00:00,1058.0,720.29,Madrid-Chamartín,60.948,145865.0,Renta Alta
1146,Madrid-Tetuán,2020/04/08 07:00:00,1450.0,886.97,Madrid-Tetuán,34.7,157937.0,Renta Alta
1147,Madrid-Chamberí,2020/04/08 07:00:00,902.0,607.48,Madrid-Chamberí,48.989,139448.0,Renta Alta
1150,Madrid-Latina,2020/04/08 07:00:00,1685.0,675.16,Madrid-Latina,30.156,238154.0,Renta Media-Alta
1151,Madrid-Carabanchel,2020/04/08 07:00:00,1635.0,663.51,Madrid-Carabanchel,27.936,253040.0,Renta Media-Alta
1152,Madrid-Usera,2020/04/08 07:00:00,954.0,642.63,Madrid-Usera,25.569000000000003,139501.0,Renta Media-Media
1153,Madrid-Puente de Vallecas,2020/04/08 07:00:00,2175.0,850.49,Madrid-Puente de Vallecas,24.688000000000002,234770.0,Renta Media-Media
1154,Madrid-San Blas - Canillejas,2020/04/08 07:00:00,988.0,711.43,Madrid-San Blas - Canillejas,34.494,158166.0,Renta Alta
1155,Madrid-Barajas,2020/04/08 07:00:00,303.0,575.16,Madrid-Barajas,46.347,48972.0,Renta Alta
1156,Madrid-Moratalaz,2020/04/08 07:00:00,930.0,955.06,Madrid-Moratalaz,34.753,94609.0,Renta Alta
1157,Madrid-Ciudad Lineal,2020/04/08 07:00:00,1454.0,549.39,Madrid-Ciudad Lineal,36.833,216270.0,Renta Alta
1158,Madrid-Hortaleza,2020/04/08 07:00:00,1203.0,569.4,Madrid-Hortaleza,47.11,188267.0,Renta Alta
1159,Madrid-Villaverde,2020/04/08 07:00:00,963.0,605.5,Madrid-Villaverde,26.599,148883.0,Renta Media-Alta
1160,Madrid-Villa de Vallecas,2020/04/08 07:00:00,955.0,895.63,Madrid-Villa de Vallecas,30.17,110436.0,Renta Media-Alta
1161,Madrid-Vicálvaro,2020/04/08 07:00:00,579.0,805.42,Madrid-Vicálvaro,31.465999999999998,72126.0,Renta Media-Alta
1162,Pozuelo de Alarcón,2020/04/08 07:00:00,414.0,468.86,Pozuelo de Alarcón,44.043,84360.0,Renta Alta
1163,Alcorcón,2020/04/08 07:00:00,1091.0,624.0,Alcorcón,20.995,170336.0,Renta Media-Baja
1164,Navalcarnero,2020/04/08 07:00:00,107.0,379.04,Navalcarnero,20.189,26364.0,Renta Media-Baja
1165,San Agustín del Guadalix,2020/04/08 07:00:00,30.0,206.0,San Agustín del Guadalix,30.633000000000003,12953.0,Renta Media-Alta
1169,Valdemorillo,2020/04/08 07:00:00,22.0,181.5,Valdemorillo,24.861,12058.0,Renta Media-Media
1170,Velilla de San Antonio,2020/04/08 07:00:00,45.0,360.2,Velilla de San Antonio,20.5,12334.0,Renta Media-Baja
1171,Villanueva de la Cañada,2020/04/08 07:00:00,62.0,254.27,Villanueva de la Cañada,32.688,18827.0,Renta Alta
1172,Villanueva del Pardillo,2020/04/08 07:00:00,55.0,325.66,Villanueva del Pardillo,27.166999999999998,16730.0,Renta Media-Alta
1173,Nuevo Baztán,2020/04/08 07:00:00,22.0,330.98,Nuevo Baztán,23.03,5959.0,Renta Media-Media
1177,Aranjuez,2020/04/08 07:00:00,329.0,518.67,Aranjuez,20.976,57792.0,Renta Media-Baja
1178,Cercedilla,2020/04/08 07:00:00,47.0,627.75,Cercedilla,20.721999999999998,6831.0,Renta Media-Baja
1180,Coslada,2020/04/08 07:00:00,575.0,650.43,Coslada,20.386,88847.0,Renta Media-Baja
1181,Morata de Tajuña,2020/04/08 07:00:00,76.0,978.5,Morata de Tajuña,17.993,7452.0,Renta Baja
1184,Navas del Rey,2020/04/08 07:00:00,41.0,1392.66,Navas del Rey,17.605999999999998,2640.0,Renta Baja
1186,Fuenlabrada,2020/04/08 07:00:00,1067.0,523.0,Fuenlabrada,17.832,195864.0,Renta Baja
1187,Pinto,2020/04/08 07:00:00,153.0,287.85,Pinto,20.927,47594.0,Renta Media-Baja
1191,Galapagar,2020/04/08 07:00:00,115.0,346.7,Galapagar,25.579,32380.0,Renta Media-Media
1192,Griñón,2020/04/08 07:00:00,53.0,459.03,Griñón,22.293000000000003,9928.0,Renta Media-Media
1193,Aldea del Fresno,2020/04/08 07:00:00,27.0,895.23,Aldea del Fresno,17.879,2528.0,Renta Baja
1197,Ciempozuelos,2020/04/08 07:00:00,138.0,537.68,Ciempozuelos,18.608,23739.0,Renta Media-Baja
1199,San Lorenzo de El Escorial,2020/04/08 07:00:00,53.0,299.18,San Lorenzo de El Escorial,24.318,18241.0,Renta Media-Media
1200,San Martín de la Vega,2020/04/08 07:00:00,56.0,274.98,San Martín de la Vega,18.410999999999998,19092.0,Renta Media-Baja
1201,Móstoles,2020/04/08 07:00:00,1262.0,577.45,Móstoles,19.06,205712.0,Renta Media-Baja
1202,Leganés,2020/04/08 07:00:00,2160.0,1096.96,Leganés,19.548,186696.0,Renta Media-Baja
1204,Algete,2020/04/08 07:00:00,71.0,319.75,Algete,27.386,20102.0,Renta Media-Alta
1205,Mejorada del Campo,2020/04/08 07:00:00,137.0,559.05,Mejorada del Campo,18.533,22763.0,Renta Media-Baja
1206,Loeches,2020/04/08 07:00:00,44.0,634.83,Loeches,19.984,8159.0,Renta Media-Baja
1207,Parla,2020/04/08 07:00:00,547.0,400.13,Parla,17.772000000000002,125323.0,Renta Baja
1212,Soto del Real,2020/04/08 07:00:00,48.0,490.0,Soto del Real,26.491999999999997,8482.0,Renta Media-Media
1218,Cobeña,2020/04/08 07:00:00,27.0,362.08,Cobeña,28.180999999999997,6921.0,Renta Media-Alta
1221,Guadarrama,2020/04/08 07:00:00,70.0,443.09,Guadarrama,22.3,15547.0,Renta Media-Media
1222,San Martín de Valdeiglesias,2020/04/08 07:00:00,46.0,539.34,San Martín de Valdeiglesias,17.371,8516.0,Renta Baja
1223,Torrelodones,2020/04/08 07:00:00,97.0,374.03,Torrelodones,33.721,22838.0,Renta Alta
1224,Boadilla del Monte,2020/04/08 07:00:00,168.0,317.96,Boadilla del Monte,36.065,47852.0,Renta Alta
1226,Tielmes,2020/04/08 07:00:00,28.0,1242.79,Tielmes,16.039,2617.0,Renta Baja
1227,San Sebastián de los Reyes,2020/04/08 07:00:00,288.0,313.93,San Sebastián de los Reyes,24.82,83329.0,Renta Media-Media
1228,Guadalix de la Sierra,2020/04/08 07:00:00,23.0,385.58,Guadalix de la Sierra,21.118000000000002,6057.0,Renta Media-Baja
1229,Humanes de Madrid,2020/04/08 07:00:00,73.0,354.23,Humanes de Madrid,17.593,19404.0,Renta Baja
1234,Meco,2020/04/08 07:00:00,110.0,786.73,Meco,21.186,13133.0,Renta Media-Baja
1235,Arganda del Rey,2020/04/08 07:00:00,254.0,438.35,Arganda del Rey,19.113,55307.0,Renta Media-Baja
1237,Daganzo de Arriba,2020/04/08 07:00:00,34.0,313.83,Daganzo de Arriba,23.326,9841.0,Renta Media-Media
1241,Miraflores de la Sierra,2020/04/08 07:00:00,23.0,416.82,Miraflores de la Sierra,22.005,5890.0,Renta Media-Media
1242,Paracuellos de Jarama,2020/04/08 07:00:00,55.0,239.04,Paracuellos de Jarama,28.272,21718.0,Renta Media-Alta
1244,Collado Villalba,2020/04/08 07:00:00,221.0,319.02,Collado Villalba,21.276,62587.0,Renta Media-Media
1247,Sevilla la Nueva,2020/04/08 07:00:00,22.0,221.13,Sevilla la Nueva,21.335,8858.0,Renta Media-Media
1249,Brunete,2020/04/08 07:00:00,46.0,407.37,Brunete,23.574,10188.0,Renta Media-Media
1250,Villa del Prado,2020/04/08 07:00:00,37.0,560.86,Villa del Prado,16.761,6506.0,Renta Baja
1252,Valdemoro,2020/04/08 07:00:00,523.0,684.57,Valdemoro,21.309,72265.0,Renta Media-Media
1253,Tres Cantos,2020/04/08 07:00:00,222.0,462.02,Tres Cantos,30.728,42546.0,Renta Media-Alta
1257,Arroyomolinos,2020/04/08 07:00:00,105.0,402.47,Arroyomolinos,22.896,25374.0,Renta Media-Media
1258,Moralzarzal,2020/04/08 07:00:00,44.0,337.89,Moralzarzal,25.058000000000003,12321.0,Renta Media-Media
1259,Villarejo de Salvanés,2020/04/08 07:00:00,31.0,406.77,Villarejo de Salvanés,17.114,7301.0,Renta Baja
1261,Villaviciosa de Odón,2020/04/08 07:00:00,130.0,468.64,Villaviciosa de Odón,29.414,26911.0,Renta Media-Alta
1262,Camarma de Esteruelas,2020/04/08 07:00:00,35.0,491.78,Camarma de Esteruelas,20.953000000000003,7048.0,Renta Media-Baja
1265,Majadahonda,2020/04/08 07:00:00,321.0,411.7,Majadahonda,35.254,70359.0,Renta Alta
1267,Alcobendas,2020/04/08 07:00:00,425.0,350.62,Alcobendas,34.037,112188.0,Renta Alta
1268,Alcalá de Henares,2020/04/08 07:00:00,1950.0,932.81,Alcalá de Henares,21.379,200768.0,Renta Media-Media
1269,Colmenar Viejo,2020/04/08 07:00:00,214.0,424.58,Colmenar Viejo,23.982,47445.0,Renta Media-Media
1270,San Fernando de Henares,2020/04/08 07:00:00,266.0,632.93,San Fernando de Henares,19.78,40781.0,Renta Media-Baja
1271,Villalbilla,2020/04/08 07:00:00,76.0,680.09,Villalbilla,24.35,11916.0,Renta Media-Media
1273,Torrejón de Ardoz,2020/04/08 07:00:00,769.0,556.08,Torrejón de Ardoz,19.585,126878.0,Renta Media-Baja
1275,Torres de la Alameda,2020/04/08 07:00:00,52.0,631.07,Torres de la Alameda,19.135,7939.0,Renta Media-Baja
1276,Alpedrete,2020/04/08 07:00:00,69.0,478.07,Alpedrete,24.855999999999998,14005.0,Renta Media-Media
1278,Getafe,2020/04/08 07:00:00,754.0,393.94,Getafe,21.031999999999996,173057.0,Renta Media-Baja
